ID_Uzorka;Dubina_Busenja_cm;Temp_Tla_C;pH_Vrijednost;H2O_Postotak;Metan_Senzor;Organske_Molekule
1;0,8;-53,1;7,97;3,72;Negativno;Ne
2;5,0;-40,6;7,18;1,54;Negativno;Ne
3;12,4;-39,9;6,88;5,48;Negativno;Ne
4;8,2;-25,7;6,78;2,15;Negativno;Ne
5;10,6;-54,6;7,88;3,31;Pozitivno;Ne
6;3,2;-59,7;7,27;3,5;Negativno;Da
7;11,6;-62,0;6,63;2,48;Negativno;Ne
8;14,3;-9,5;7,22;8,281502522772255;Pozitivno;Da
9;4,6;-31,6;6,34;5,3;Negativno;Ne
10;0,5;-45,1;7,18;5,91;Negativno;Ne
11;9,1;-46,3;6,84;2,2;Negativno;Ne
12;13,3;-27,9;6,36;3,62;Negativno;Ne
13;9,3;-27,5;6,79;4,83;Negativno;Ne
14;0,4;-36,0;6,52;5,41;Negativno;Ne
15;13,1;-70,7;6,94;0,44;Negativno;Ne
16;1,0;-35,5;6,95;1,78;Negativno;Ne
17;3,2;-59,7;7,19;2,6;Negativno;Ne
18;7,4;-39,7;7,5;4,29;Negativno;Ne
19;13,3;-58,4;7,4;5,33;Negativno;Ne
20;5,1;-19,7;7,07;10,461502522772257;Pozitivno;Da
21;3,0;-45,2;7,63;0,89;Negativno;Ne
22;14,8;-21,3;7,28;5,39;Negativno;Ne
23;8,9;-60,0;7,52;0,91;Negativno;Ne
24;14,6;150,0;-2,0;0,95;Pozitivno;Ne
25;4,9;-46,6;7,12;0,71;Negativno;Ne
26;10,6;-40,8;7,76;4,23;Negativno;Ne
27;8,9;-44,6;5,92;5,76;Negativno;Ne
28;6,5;-67,8;7,28;3,12;Negativno;Ne
29;6,0;-58,3;6,77;3,48;Negativno;Ne
30;8,8;-41,0;7,1;2,92;Negativno;Ne
31;5,4;-34,6;6,86;5,11;Pozitivno;Ne
32;3,9;-55,3;7,24;5,8;Negativno;Ne
33;5,5;-18,1;7,29;0,76;Negativno;Ne
34;1,5;-54,6;6,47;3,32;Negativno;Ne
35;3,6;-51,7;6,42;4,37;Negativno;Ne
36;2,2;-81,6;6,51;2,37;Negativno;Ne
37;5,2;-41,1;7,36;3,54;Negativno;Ne
38;4,0;-50,4;7,01;4,38;Negativno;Ne
39;2,7;-53,9;6,5;0,38;Pozitivno;Ne
40;9,5;-39,8;7,33;4,08;Negativno;Ne
41;10,5;-43,6;6,95;5,77;Negativno;Ne
42;9,0;-77,9;7,13;5,26;Negativno;Ne
43;11,7;-33,8;6,75;3,39;Negativno;Ne
44;13,5;-33,5;6,55;2,13;Negativno;Ne
45;3,2;-56,2;6,76;4,86;Negativno;Ne
46;4,9;-46,6;6,57;2,35;Negativno;Ne
47;5,5;-66,3;7,07;0,95;Negativno;Ne
48;9,0;-49,2;7,28;4,18;Negativno;Ne
49;12,4;-41,6;7,67;2,51;Pozitivno;Ne
50;10,5;-71,1;7,14;0,19;Negativno;Ne
51;8,3;-66,5;6,63;3,88;Negativno;Ne
52;10,7;-50,7;6,22;3,28;Negativno;Ne
53;5,5;-53,9;7,5;1,34;Negativno;Ne
54;2,0;-77,9;7,25;5,41;Negativno;Ne
55;3,6;-44,7;6,17;2,51;Negativno;Ne
56;13,1;-59,0;8,35;2,4;Pozitivno;Ne
57;5,4;-47,7;7,38;2,15;Negativno;Ne
58;2,6;-49,1;7,36;3,81;Negativno;Ne
59;9,5;-82,3;6,66;1,32;Negativno;Ne
60;2,0;-38,5;7,95;3,2;Pozitivno;Ne
61;3,1;-29,8;7,09;1,84;Negativno;Ne
62;2,7;-30,3;7,37;0,7;Pozitivno;Ne
63;11,0;-55,2;7,33;0,76;Negativno;Ne
64;13,4;-46,2;7,22;2,13;Negativno;Ne
65;6,7;-30,8;7,24;5,85;Negativno;Ne
66;7,3;-51,5;7,34;5,22;Negativno;Ne
67;14,1;-67,6;8,09;4,32;Negativno;Ne
68;10,7;-44,6;7,23;4,82;Negativno;Ne
69;10,4;-46,4;6,85;5,27;Negativno;Ne
70;8,7;-33,5;7,88;3,43;Negativno;Ne
71;1,7;-73,4;7,7;1,9;Negativno;Ne
72;11,5;-44,0;6,97;5,19;Negativno;Ne
73;11,6;-71,5;6,87;1,81;Negativno;Ne
74;7,1;-57,6;7,28;4,33;Negativno;Ne
75;4,6;-8,2;7,67;7,951316343189715;Pozitivno;Da
76;12,5;-45,8;7,13;1,07;Negativno;Ne
77;2,8;-10,8;6,85;7,621502522772255;Pozitivno;Da
78;13,4;-58,4;6,9;4,01;Negativno;Ne
79;10,6;-11,3;7,22;9,001316343189714;Pozitivno;Da
80;11,3;-34,5;7,03;4,49;Negativno;Ne
81;0,3;-45,6;6,82;5,21;Negativno;Ne
82;10,5;-79,1;6,93;4,74;Pozitivno;Ne
83;0,8;-70,1;7,46;0,77;Negativno;Ne
84;3,1;-58,8;6,41;4,07;Negativno;Ne
85;0,3;-41,0;7,55;5,74;Negativno;Ne
86;2,9;-41,4;6,79;5,11;Negativno;Ne
87;6,7;-42,7;7,42;3,43;Negativno;Ne
88;5,4;-49,2;6,4;2,87;Negativno;Ne
89;0,5;-22,4;7,11;4,0;Negativno;Ne
90;2,6;-62,7;6,74;4,38;Pozitivno;Ne
91;13,6;-61,7;6,95;5,69;Pozitivno;Ne
92;14,8;-32,3;7,3;1,25;Negativno;Ne
93;1,5;-50,9;8,11;1,01;Negativno;Ne
94;8,3;-65,1;8,08;2,8;Negativno;Ne
95;7,7;-49,5;7,69;2,15;Negativno;Ne
96;3,2;-57,8;6,73;5,91;Negativno;Ne
97;4,8;-59,1;7,65;0,98;Negativno;Ne
98;6,5;-50,6;7,34;0,85;Negativno;Ne
99;3,2;-70,8;7,71;3,73;Negativno;Ne
100;3,5;-63,8;6,99;0,91;Negativno;Ne
101;12,9;-51,3;6,7;0,14;Negativno;Ne
102;1,6;-62,1;6,44;3,94;Negativno;Ne
103;10,7;-33,9;6,99;5,14;Negativno;Ne
104;13,3;-9,2;7,37;8,991316343189716;Pozitivno;Da
105;14,3;-40,9;7,19;3,12;Negativno;Ne
106;12,1;-48,5;7,01;4,48;Negativno;Ne
107;14,6;-59,8;6,41;5,47;Negativno;Ne
108;11,4;-36,8;6,77;1,13;Negativno;Ne
109;13,0;-58,1;7,35;4,56;Negativno;Ne
110;2,5;-35,8;7,12;4,58;Negativno;Ne
111;10,9;-62,7;6,18;3,26;Negativno;Ne
112;7,2;-64,0;8,36;4,68;Pozitivno;Ne
113;1,1;-85,0;6,35;3,86;Negativno;Da
114;8,2;-46,3;6,98;2,41;Negativno;Ne
115;13,9;-64,1;7,34;5,27;Negativno;Ne
116;5,1;-62,2;6,74;0,47;Negativno;Ne
117;11,5;-37,4;6,84;2,77;Negativno;Ne
118;11,7;-56,7;7,73;2,87;Negativno;Ne
119;10,7;-53,9;6,63;1,92;Negativno;Ne
120;11,0;-61,0;7,25;2,88;Negativno;Ne
121;3,7;-75,3;6,71;3,75;Negativno;Ne
122;13,4;-48,2;7,08;2,21;Negativno;Ne
123;10,5;-71,0;6,97;3,37;Negativno;Ne
124;4,4;-54,5;6,14;5,06;Negativno;Ne
125;4,5;-59,2;6,85;5,51;Negativno;Ne
126;13,7;-34,5;7,01;0,76;Negativno;Ne
127;7,9;-15,8;6,91;4,791316343189715;Pozitivno;Da
128;13,1;-55,0;7,47;1,61;Pozitivno;Ne
129;2,1;-64,1;6,82;2,47;Negativno;Ne
130;11,7;-36,6;6,87;0,33;Negativno;Ne
131;2,9;-60,5;7,26;0,4;Negativno;Ne
132;5,2;-31,8;7,28;5,61;Pozitivno;Ne
133;0,4;-54,2;6,66;0,3;Negativno;Ne
134;14,2;-34,1;7,32;5,85;Negativno;Ne
135;7,6;-47,1;7,91;4,49;Negativno;Ne
136;8,2;-17,5;7,3;8,821502522772256;Pozitivno;Da
137;13,3;-69,1;6,62;4,97;Negativno;Ne
138;10,3;-45,9;7,29;3,91;Negativno;Ne
139;5,4;-49,5;7,59;1,04;Negativno;Ne
140;6,3;-39,7;7,35;5,54;Negativno;Ne
141;1,2;-23,4;6,4;5,81;Negativno;Ne
142;1,1;-30,4;6,92;5,92;Negativno;Ne
143;12,4;-49,5;7,06;2,29;Negativno;Ne
144;14,2;-37,6;7,47;1,1;Negativno;Ne
145;9,5;-50,8;6,62;0,6;Negativno;Ne
146;12,6;-42,1;6,8;2,28;Negativno;Ne
147;13,1;-39,2;6,67;5,8;Negativno;Ne
148;0,2;-66,1;6,51;4,23;Negativno;Ne
149;14,1;-47,9;7,06;3,46;Negativno;Ne
150;1,1;-78,0;6,83;4,36;Negativno;Ne
151;6,2;-57,4;6,73;5,08;Pozitivno;Ne
152;6,0;-54,3;6,74;4,07;Negativno;Ne
153;9,7;-16,4;6,94;1,11;Negativno;Ne
154;3,8;-63,8;7,18;4,53;Negativno;Da
155;10,2;-34,8;6,9;2,44;Negativno;Ne
156;7,4;-58,3;6,66;4,34;Negativno;Ne
157;6,2;-51,3;6,36;5,15;Negativno;Ne
158;10,3;-82,6;6,71;0,93;Negativno;Ne
159;5,9;-59,1;6,25;3,55;Negativno;Ne
160;5,8;-40,2;7,51;4,27;Negativno;Ne
161;10,6;-65,0;8,05;0,14;Negativno;Ne
162;11,9;-48,9;7,42;0,99;Negativno;Ne
163;13,5;-67,6;7,37;0,93;Negativno;Ne
164;0,8;-53,4;6,97;5,91;Negativno;Ne
165;0,9;-49,3;7,07;0,34;Negativno;Ne
166;11,5;-56,7;7,32;2,18;Negativno;Ne
167;5,1;-64,3;7,11;1,04;Negativno;Ne
168;8,5;-44,0;7,48;0,95;Negativno;Ne
169;7,3;-38,9;6,69;3,91;Negativno;Ne
170;12,5;-33,2;7,12;3,4;Negativno;Ne
171;5,0;-60,3;7,32;1,21;Negativno;Ne
172;9,5;-42,4;7,01;4,08;Negativno;Ne
173;6,7;-35,1;7,19;1,94;Negativno;Ne
174;14,5;-45,0;7,0;1,57;Negativno;Ne
175;2,7;-23,0;6,3;4,6;Negativno;Ne
176;7,7;-30,0;6,93;2,76;Negativno;Ne
177;4,3;-78,0;6,57;0,52;Negativno;Da
178;9,2;-62,9;6,82;4,7;Negativno;Ne
179;6,2;-38,7;8,29;1,28;Negativno;Ne
180;12,5;-16,3;6,8;9,861316343189715;Pozitivno;Da
181;13,0;-41,3;7,75;0,55;Negativno;Da
182;10,8;-44,6;7,36;5,58;Negativno;Ne
183;3,5;-43,4;7,46;3,46;Negativno;Ne
184;2,7;-15,7;6,23;10,091316343189716;Pozitivno;Da
185;3,1;-74,9;5,4;2,31;Negativno;Ne
186;11,2;-71,4;6,54;5,7;Negativno;Ne
187;4,4;-54,0;6,98;0,35;Negativno;Ne
188;14,1;-45,0;6,71;1,8;Negativno;Ne
189;2,8;-47,8;6,72;3,59;Pozitivno;Ne
190;11,7;-60,4;7,37;1,79;Pozitivno;Ne
191;11,7;-27,3;6,9;5,82;Negativno;Ne
192;8,5;-69,9;7,22;5,09;Negativno;Ne
193;9,5;-48,4;6,17;2,97;Negativno;Ne
194;10,3;-30,1;8,14;1,43;Negativno;Ne
195;1,8;-45,8;6,19;4,57;Negativno;Ne
196;14,0;-47,2;7,52;5,22;Negativno;Ne
197;10,2;-43,0;6,87;4,02;Negativno;Ne
198;14,4;-42,2;7,59;2,85;Negativno;Ne
199;6,5;-42,3;7,32;3,59;Negativno;Ne
200;8,5;-62,5;6,91;4,61;Negativno;Ne
201;6,6;-70,2;6,57;4,88;Negativno;Ne
202;6,1;-5,8;7,84;8,151502522772256;Pozitivno;Da
203;10,9;-31,0;7,49;3,57;Negativno;Ne
204;9,9;-8,4;7,21;5,631316343189715;Pozitivno;Da
205;1,7;-42,4;6,87;3,46;Pozitivno;Ne
206;5,9;-32,5;6,52;2,79;Negativno;Ne
207;5,9;-58,1;7,4;3,87;Negativno;Ne
208;11,6;-36,7;6,87;4,03;Negativno;Ne
209;9,7;-37,7;7,23;3,88;Negativno;Ne
210;14,6;-49,9;7,09;2,55;Negativno;Ne
211;11,2;-36,4;7,26;0,76;Negativno;Ne
212;1,1;-42,5;7,07;3,34;Negativno;Ne
213;9,2;-32,9;7,4;1,95;Negativno;Ne
214;11,2;-47,5;7,61;3,66;Negativno;Ne
215;10,8;-36,3;7,08;4,18;Negativno;Ne
216;11,3;-55,4;6,79;3,08;Negativno;Ne
217;14,5;-42,9;6,14;3,08;Negativno;Ne
218;13,6;-33,1;6,68;3,79;Negativno;Ne
219;13,7;-50,5;6,0;3,32;Negativno;Ne
220;3,7;-70,7;6,83;3,01;Negativno;Da
221;4,5;-48,3;7,56;0,24;Negativno;Ne
222;2,9;-42,9;7,58;5,22;Negativno;Ne
223;8,8;-30,8;7,21;5,46;Negativno;Ne
224;9,7;-58,4;7,01;2,45;Negativno;Ne
225;1,8;-25,4;6,68;0,47;Negativno;Ne
226;12,2;-41,7;7,15;0,34;Negativno;Ne
227;4,0;-61,2;6,71;1,38;Negativno;Ne
228;9,8;-63,5;6,56;2,69;Negativno;Da
229;5,4;-50,4;6,85;2,89;Negativno;Ne
230;14,6;-41,3;6,88;1,55;Negativno;Ne
231;6,4;-32,5;6,42;1,07;Negativno;Ne
232;13,0;-36,4;6,56;4,25;Negativno;Ne
233;3,5;-48,1;6,82;2,71;Negativno;Ne
234;2,1;-49,7;6,73;0,84;Negativno;Ne
235;14,2;-40,7;6,11;4,88;Negativno;Ne
236;9,9;-34,8;6,74;1,95;Negativno;Ne
237;9,1;-55,9;7,0;4,73;Negativno;Ne
238;7,2;-48,9;6,8;4,61;Negativno;Ne
239;4,7;-46,8;6,52;2,74;Negativno;Ne
240;6,2;-56,7;7,54;3,81;Negativno;Ne
241;13,1;-68,8;6,43;4,67;Negativno;Ne
242;14,3;-33,7;6,36;4,9;Negativno;Ne
243;3,1;-56,8;7,2;3,77;Negativno;Ne
244;5,7;-53,5;7,13;0,58;Negativno;Ne
245;5,0;-28,5;7,42;3,16;Negativno;Ne
246;13,6;-40,5;6,97;5,18;Negativno;Ne
247;1,0;-42,5;7,05;0,75;Negativno;Ne
248;13,4;-48,3;7,64;2,06;Negativno;Ne
249;9,6;-54,3;7,1;0,49;Pozitivno;Ne
250;12,5;-71,9;7,03;4,86;Negativno;Ne
251;12,3;-38,2;7,71;3,07;Negativno;Ne
252;10,1;-51,5;5,75;2,02;Negativno;Ne
253;4,3;-33,9;6,29;2,68;Pozitivno;Ne
254;11,7;-72,9;6,71;2,63;Negativno;Ne
255;7,4;-33,6;6,96;2,76;Negativno;Ne
256;3,9;-47,4;7,39;4,67;Negativno;Ne
257;5,2;-62,1;6,91;0,49;Negativno;Ne
258;2,1;-53,4;7,31;1,97;Negativno;Ne
259;6,3;-22,8;7,65;4,63;Negativno;Ne
260;10,1;-49,1;7,98;5,08;Negativno;Ne
261;5,6;-48,6;6,76;3,12;Negativno;Ne
262;6,3;-78,8;7,09;0,18;Negativno;Ne
263;12,7;-37,3;6,95;1,08;Negativno;Ne
264;2,6;-16,4;6,77;1,5;Pozitivno;Ne
265;6,4;-47,7;6,65;4,15;Pozitivno;Ne
266;5,7;-29,9;7,36;0,92;Negativno;Ne
267;12,8;-58,9;6,67;3,18;Negativno;Ne
268;7,5;-16,5;8,13;5,351502522772256;Pozitivno;Da
269;10,6;-48,2;8,17;3,57;Negativno;Ne
270;0,4;-53,4;6,71;3,7;Negativno;Ne
271;11,9;-46,3;7,75;4,19;Negativno;Ne
272;11,5;-52,0;7,04;0,19;Negativno;Ne
273;12,9;-45,2;7,23;1,65;Negativno;Ne
274;11,9;-71,0;7,77;0,51;Negativno;Da
275;12,9;-30,1;7,19;1,63;Negativno;Ne
276;10,2;-34,3;7,54;0,5;Negativno;Ne
277;4,7;-56,7;7,32;3,89;Negativno;Ne
278;7,6;-53,7;6,93;5,91;Negativno;Ne
279;6,6;-60,0;8,11;1,3;Negativno;Ne
280;2,1;-35,2;5,62;4,89;Negativno;Ne
281;6,9;-52,1;6,55;4,59;Negativno;Ne
282;9,2;-62,3;6,63;4,15;Negativno;Ne
283;6,1;-44,7;7,09;0,41;Pozitivno;Ne
284;13,4;-6,7;7,71;5,781316343189715;Pozitivno;Da
285;6,1;-47,3;5,85;1,61;Negativno;Ne
286;3,2;-67,9;7,25;5,99;Negativno;Ne
287;14,6;-65,1;7,06;0,89;Negativno;Ne
288;3,4;-75,7;7,63;2,79;Negativno;Ne
289;3,6;-49,3;7,46;1,07;Negativno;Ne
290;9,7;-75,5;6,44;2,47;Negativno;Ne
291;6,6;-88,1;6,63;4,0;Negativno;Ne
292;13,0;-68,1;7,29;2,0;Negativno;Da
293;2,5;-53,3;6,83;4,1;Negativno;Ne
294;5,9;-71,2;7,04;0,2;Negativno;Ne
295;9,5;-37,2;7,95;0,22;Pozitivno;Da
296;12,8;-63,7;7,04;3,9;Negativno;Ne
297;11,4;-67,4;6,69;1,84;Negativno;Ne
298;6,0;-41,4;7,71;2,98;Negativno;Ne
299;9,0;-28,8;6,39;4,87;Negativno;Ne
300;3,5;-50,8;7,23;2,68;Negativno;Ne
301;6,5;-33,8;7,22;1,95;Negativno;Ne
302;10,3;-53,3;6,41;1,18;Negativno;Ne
303;4,8;-32,8;6,1;3,29;Negativno;Ne
304;13,0;-30,8;7,33;1,91;Negativno;Ne
305;8,3;-67,9;6,54;1,84;Pozitivno;Ne
306;9,7;-52,3;5,95;4,71;Negativno;Ne
307;4,2;-46,1;7,0;3,58;Negativno;Ne
308;6,1;-41,6;6,27;4,45;Negativno;Ne
309;13,5;-8,6;6,86;0,73;Negativno;Ne
310;4,2;-67,6;6,83;5,5;Negativno;Ne
311;1,8;-24,1;5,67;3,66;Pozitivno;Ne
312;0,9;-57,5;6,95;3,55;Negativno;Ne
313;13,1;-45,8;6,85;1,79;Pozitivno;Ne
314;7,7;-25,9;7,17;0,41;Negativno;Ne
315;7,2;-60,0;6,16;0,29;Negativno;Ne
316;9,6;-42,1;7,84;4,64;Pozitivno;Ne
317;11,4;-17,7;6,72;2,89;Pozitivno;Ne
318;6,5;-46,6;7,08;3,99;Negativno;Ne
319;0,3;-53,7;6,58;2,97;Pozitivno;Ne
320;7,4;-59,9;6,63;4,26;Pozitivno;Da
321;8,2;-37,3;6,89;5,1;Negativno;Da
322;11,8;-76,1;7,07;0,81;Negativno;Da
323;9,7;-68,0;7,49;5,91;Negativno;Ne
324;4,0;-58,0;6,85;1,1;Negativno;Ne
325;7,9;-50,4;6,48;5,3;Negativno;Ne
326;14,5;-52,8;6,79;5,03;Negativno;Ne
327;1,7;-29,8;7,48;0,16;Negativno;Ne
328;1,0;-45,7;6,75;2,27;Negativno;Ne
329;8,5;-76,7;6,8;5,87;Negativno;Ne
330;2,4;-47,3;6,7;3,51;Negativno;Ne
331;2,6;-47,0;6,96;0,24;Negativno;Ne
332;11,8;-45,2;6,84;2,19;Negativno;Ne
333;1,4;-57,1;7,2;0,16;Negativno;Ne
334;4,0;-61,5;6,3;2,38;Negativno;Da
335;11,8;-50,5;7,12;1,5;Negativno;Ne
336;12,8;-50,9;7,13;0,68;Negativno;Ne
337;12,7;-70,7;6,65;2,77;Negativno;Ne
338;12,6;-6,1;6,14;7,771502522772256;Pozitivno;Da
339;0,7;-45,7;6,9;5,44;Negativno;Ne
340;4,9;-41,6;7,96;4,03;Pozitivno;Ne
341;1,3;-47,0;7,43;4,65;Negativno;Ne
342;2,9;-45,6;7,44;4,24;Negativno;Ne
343;1,0;-61,3;7,15;4,96;Negativno;Ne
344;5,1;-31,0;6,59;5,74;Negativno;Ne
345;14,3;-50,9;7,28;2,55;Negativno;Ne
346;1,3;-25,6;7,21;3,04;Negativno;Ne
347;14,7;-56,6;6,32;1,46;Negativno;Ne
348;13,9;-6,9;6,79;7,331316343189716;Pozitivno;Da
349;5,4;-21,3;7,26;3,89;Negativno;Ne
350;12,0;-71,7;7,38;2,61;Negativno;Ne
351;9,0;-42,4;5,72;1,27;Negativno;Ne
352;9,1;-69,3;7,58;5,42;Negativno;Ne
353;6,7;-40,5;7,22;1,27;Negativno;Ne
354;14,6;-58,1;7,15;5,68;Negativno;Ne
355;1,8;-52,7;6,67;5,15;Negativno;Ne
356;2,4;-54,4;7,01;0,98;Negativno;Ne
357;2,8;-60,9;7,38;4,5;Negativno;Ne
358;5,1;-49,4;6,53;5,4;Negativno;Ne
359;8,4;-60,0;6,45;2,73;Negativno;Da
360;8,7;-46,9;6,81;1,23;Negativno;Ne
361;13,5;-47,1;7,78;1,89;Negativno;Ne
362;11,7;-54,1;7,43;5,33;Negativno;Ne
363;10,1;-71,3;6,9;2,76;Negativno;Ne
364;3,1;-63,0;6,75;0,99;Negativno;Ne
365;11,6;-41,1;6,98;2,72;Negativno;Ne
366;3,9;-72,0;7,39;4,7;Negativno;Ne
367;2,6;-48,1;7,68;0,15;Negativno;Da
368;13,1;-56,4;7,65;3,08;Negativno;Ne
369;8,1;-39,4;7,69;4,23;Negativno;Ne
370;2,8;-43,5;7,41;3,5;Pozitivno;Ne
371;10,5;-76,4;6,93;2,36;Negativno;Da
372;11,1;-60,3;6,74;1,98;Negativno;Ne
373;1,3;-59,4;8,37;4,11;Negativno;Ne
374;10,6;-23,7;7,86;4,91;Pozitivno;Ne
375;10,2;-36,5;6,39;5,83;Negativno;Ne
376;6,9;-81,5;7,16;2,63;Negativno;Ne
377;3,2;-61,8;8,25;5,75;Negativno;Ne
378;10,9;-34,6;7,1;1,54;Negativno;Ne
379;6,2;-41,2;6,28;5,2;Pozitivno;Da
380;0,8;-45,1;6,78;3,86;Negativno;Ne
381;4,6;-40,4;7,82;4,92;Negativno;Ne
382;8,2;-35,2;6,79;3,71;Negativno;Ne
383;13,4;-25,8;6,94;5,53;Negativno;Ne
384;2,8;-51,2;6,77;5,49;Pozitivno;Ne
385;12,2;-82,3;7,24;4,59;Negativno;Ne
386;14,0;-63,0;7,93;4,79;Negativno;Da
387;13,6;-54,1;7,17;0,67;Negativno;Ne
388;11,8;-45,5;6,1;2,77;Negativno;Ne
389;9,5;-63,2;6,66;0,37;Negativno;Ne
390;3,6;-37,9;6,95;5,88;Negativno;Ne
391;3,1;-54,2;7,42;3,97;Negativno;Ne
392;2,7;-26,6;6,51;3,1;Pozitivno;Ne
393;2,3;-39,7;7,48;4,85;Negativno;Ne
394;0,7;-72,3;7,39;0,64;Negativno;Ne
395;2,7;-23,1;6,61;5,1;Pozitivno;Ne
396;1,7;-55,8;6,94;3,77;Negativno;Ne
397;7,9;-40,7;7,52;1,71;Negativno;Ne
398;4,1;-38,8;6,57;1,82;Negativno;Ne
399;4,7;-58,4;6,97;1,56;Negativno;Ne
400;0,9;-48,5;6,58;4,53;Negativno;Ne
401;4,4;-52,8;7,02;4,02;Negativno;Ne
402;8,0;-51,8;6,86;1,16;Negativno;Ne
403;3,1;-43,8;6,59;0,34;Negativno;Ne
404;9,1;-71,5;7,93;5,62;Negativno;Ne
405;8,1;-47,8;7,55;3,19;Negativno;Ne
406;6,1;-55,4;7,22;5,19;Negativno;Ne
407;4,3;-63,6;7,57;1,06;Negativno;Ne
408;3,2;-51,6;7,38;2,56;Negativno;Ne
409;4,8;-23,6;6,61;1,01;Negativno;Ne
410;13,1;-53,5;7,27;1,84;Negativno;Ne
411;6,8;-53,9;7,68;1,7;Negativno;Ne
412;12,1;-45,1;6,58;5,59;Negativno;Ne
413;10,3;-57,4;7,39;3,62;Negativno;Ne
414;5,6;-11,0;6,84;0,81;Pozitivno;Ne
415;10,4;-49,7;6,77;3,05;Negativno;Ne
416;11,8;-56,8;7,03;4,5;Negativno;Ne
417;8,2;-32,2;7,13;4,83;Negativno;Ne
418;8,1;-37,2;7,64;0,81;Negativno;Ne
419;9,3;-65,9;7,13;1,77;Pozitivno;Ne
420;0,3;-26,5;7,2;5,39;Negativno;Ne
421;0,6;-46,4;6,76;2,7;Negativno;Ne
422;6,0;-67,1;7,31;1,15;Negativno;Ne
423;15,0;-50,8;7,21;0,28;Pozitivno;Ne
424;2,6;-46,9;6,7;3,41;Pozitivno;Ne
425;9,5;-36,6;5,89;5,2;Negativno;Ne
426;4,0;-50,0;6,8;0,84;Negativno;Ne
427;14,6;-57,9;7,33;2,42;Negativno;Ne
428;11,3;-66,2;6,95;2,55;Pozitivno;Ne
429;4,7;-42,7;7,07;0,9;Negativno;Ne
430;6,5;-65,6;7,31;2,59;Negativno;Da
431;6,5;-38,4;8,41;4,48;Negativno;Ne
432;11,2;-44,6;7,42;0,92;Negativno;Da
433;0,4;-50,2;6,79;0,77;Negativno;Ne
434;15,0;-52,9;6,39;5,45;Negativno;Da
435;7,7;-44,9;7,08;4,94;Negativno;Ne
436;1,5;-18,4;6,61;6,431502522772256;Pozitivno;Da
437;9,8;-79,6;7,21;3,01;Negativno;Da
438;5,5;-50,2;7,18;1,6;Negativno;Ne
439;9,6;-63,7;7,03;4,78;Negativno;Ne
440;13,1;-38,8;5,76;0,33;Negativno;Ne
441;11,8;-25,5;6,86;0,18;Negativno;Ne
442;1,1;-61,4;6,08;4,05;Negativno;Ne
443;3,9;-67,5;7,53;2,82;Negativno;Ne
444;5,8;-55,4;7,2;0,95;Negativno;Ne
445;14,2;-50,4;6,87;2,79;Negativno;Ne
446;4,9;-55,5;5,51;2,36;Negativno;Ne
447;3,8;-46,9;7,23;4,28;Negativno;Ne
448;3,8;-35,9;6,97;3,35;Negativno;Ne
449;4,9;-60,4;6,52;2,73;Pozitivno;Ne
450;8,2;-36,0;6,88;1,74;Negativno;Ne
451;12,6;-58,0;6,17;5,59;Pozitivno;Ne
452;6,6;-45,0;6,09;1,42;Negativno;Ne
453;6,6;-33,0;7,26;2,95;Negativno;Ne
454;0,2;-36,0;7,15;0,71;Negativno;Ne
455;14,7;-45,9;7,72;0,48;Pozitivno;Ne
456;4,0;-62,4;6,58;1,94;Negativno;Da
457;6,0;-37,5;7,32;0,39;Negativno;Ne
458;1,5;-51,4;6,56;5,37;Negativno;Ne
459;2,8;-26,4;6,62;5,97;Negativno;Ne
460;5,8;-10,8;6,88;8,411502522772256;Pozitivno;Da
461;11,6;-54,2;7,13;0,39;Negativno;Ne
462;14,7;-38,8;7,76;3,02;Negativno;Ne
463;3,3;-47,0;6,85;4,78;Negativno;Ne
464;10,1;-23,8;7,35;1,33;Negativno;Ne
465;10,5;-36,0;7,15;2,29;Negativno;Ne
466;12,2;-50,9;6,49;2,85;Negativno;Ne
467;1,8;-57,3;6,77;4,19;Negativno;Ne
468;3,5;-58,9;6,61;5,3;Negativno;Ne
469;8,4;-53,1;7,23;0,43;Negativno;Ne
470;2,5;-45,0;6,91;0,99;Negativno;Ne
471;13,1;-63,0;6,07;0,41;Negativno;Da
472;14,8;-41,7;7,92;2,17;Negativno;Ne
473;10,5;-38,0;6,33;3,8;Negativno;Ne
474;6,9;-62,8;6,12;0,1;Negativno;Ne
475;3,9;-31,3;7,36;2,68;Negativno;Ne
476;2,7;-49,9;6,63;3,58;Negativno;Ne
477;4,6;-66,0;6,0;3,64;Negativno;Ne
478;3,0;-52,9;6,57;0,65;Negativno;Ne
479;14,8;-61,8;6,73;2,39;Negativno;Ne
480;7,0;-59,6;7,62;4,62;Negativno;Ne
481;4,4;-27,9;6,81;4,03;Negativno;Da
482;1,8;-55,3;7,44;0,57;Negativno;Ne
483;4,3;-50,5;6,25;5,98;Negativno;Ne
484;13,8;-49,2;6,23;4,26;Negativno;Ne
485;6,5;-55,1;7,86;3,95;Negativno;Ne
486;0,3;-14,1;7,49;5,751502522772256;Pozitivno;Da
487;11,3;-55,1;6,66;0,24;Negativno;Ne
488;10,2;-73,0;7,31;3,28;Negativno;Ne
489;9,7;-31,7;7,87;2,27;Negativno;Ne
490;4,2;-47,8;6,62;2,42;Negativno;Ne
491;11,5;-65,8;6,96;1,67;Negativno;Ne
492;4,7;-23,5;6,48;1,7;Negativno;Ne
493;7,8;-56,7;6,44;4,14;Negativno;Ne
494;5,0;-45,8;6,69;1,62;Negativno;Ne
495;12,0;-22,4;6,73;5,38;Negativno;Ne
496;9,4;-41,9;6,9;0,77;Negativno;Ne
497;1,8;-39,5;7,09;1,45;Negativno;Ne
498;0,7;-38,4;6,95;3,86;Negativno;Ne
499;9,1;-6,4;5,73;6,431502522772256;Pozitivno;Da
500;3,1;-27,0;6,28;5,95;Negativno;Ne
501;0,5;-50,2;7,63;2,64;Negativno;Ne
502;1,6;-61,0;6,61;5,27;Negativno;Da
503;14,0;-55,6;7,07;3,66;Negativno;Ne
504;14,3;-53,6;6,84;5,69;Negativno;Ne
505;5,6;-36,2;6,46;5,81;Negativno;Ne
506;12,9;-66,5;7,41;5,55;Negativno;Ne
507;8,2;-49,3;6,46;0,73;Negativno;Ne
508;8,9;-63,1;6,65;1,11;Negativno;Ne
509;3,4;-56,7;6,8;0,7;Negativno;Ne
510;0,2;-30,8;7,2;0,14;Negativno;Da
511;13,0;-54,9;6,93;2,84;Negativno;Ne
512;6,1;-52,0;6,45;4,38;Pozitivno;Ne
513;14,6;-48,2;6,51;5,02;Negativno;Ne
514;13,0;-11,1;6,74;5,291502522772256;Pozitivno;Da
515;14,9;-26,3;6,99;1,46;Negativno;Ne
516;11,1;-59,1;7,17;0,41;Pozitivno;Ne
517;5,9;-71,9;8,07;1,46;Negativno;Ne
518;3,5;-34,8;7,84;4,85;Negativno;Ne
519;3,3;-29,0;6,3;2,34;Negativno;Da
520;12,7;-33,2;6,73;2,62;Negativno;Ne
521;0,6;-48,2;6,43;0,61;Pozitivno;Ne
522;14,4;-49,7;7,19;4,84;Negativno;Ne
523;4,6;-51,6;7,48;2,42;Negativno;Ne
524;4,1;-66,5;7,01;5,29;Negativno;Ne
525;1,9;-53,5;6,98;2,77;Negativno;Ne
526;9,1;-51,0;7,03;4,79;Negativno;Ne
527;14,1;-43,2;7,65;5,79;Negativno;Ne
528;6,7;-33,5;7,1;2,13;Negativno;Ne
529;11,2;-61,6;6,71;1,72;Negativno;Ne
530;0,7;-50,9;7,06;3,83;Negativno;Ne
531;12,4;-59,1;6,44;0,29;Negativno;Ne
532;8,2;-9,1;7,02;8,071502522772256;Pozitivno;Da
533;11,9;-13,4;6,61;6,551502522772256;Pozitivno;Da
534;7,8;-83,9;7,07;1,1;Negativno;Ne
535;9,5;-54,9;7,06;0,82;Negativno;Ne
536;0,2;-27,0;6,44;2,94;Pozitivno;Ne
537;12,6;-40,6;6,79;0,85;Negativno;Ne
538;6,8;-29,9;7,19;5,57;Negativno;Ne
539;13,1;-58,9;7,06;5,2;Negativno;Ne
540;10,8;-61,1;7,19;3,88;Negativno;Ne
541;10,6;-53,4;6,5;0,16;Negativno;Ne
542;11,2;-30,7;7,5;3,2;Negativno;Ne
543;6,2;-50,3;6,64;2,1;Negativno;Ne
544;4,7;-48,3;7,31;4,12;Negativno;Ne
545;5,4;-38,6;7,58;3,37;Negativno;Ne
546;7,3;-36,2;7,7;5,88;Negativno;Ne
547;7,4;-56,9;6,6;1,37;Negativno;Ne
548;2,7;-45,9;6,87;2,74;Negativno;Ne
549;5,0;-57,4;7,17;1,25;Negativno;Ne
550;12,6;-38,7;7,04;5,59;Negativno;Ne
551;12,4;-54,7;6,69;0,62;Negativno;Ne
552;3,5;-51,8;7,3;0,92;Negativno;Ne
553;10,2;-55,5;7,54;2,71;Pozitivno;Ne
554;12,8;-63,6;6,29;2,64;Negativno;Ne
555;3,0;-56,8;6,35;2,32;Negativno;Ne
556;13,1;-61,3;6,73;3,02;Pozitivno;Ne
557;13,2;-55,8;6,51;4,94;Negativno;Ne
558;14,9;-34,9;7,59;5,0;Negativno;Ne
559;10,2;-60,4;6,89;3,4;Negativno;Ne
560;3,4;-58,3;7,92;3,19;Negativno;Ne
561;4,7;-31,5;7,04;0,11;Negativno;Ne
562;14,7;-23,0;5,79;2,18;Negativno;Ne
563;1,3;-45,6;6,87;1,51;Negativno;Ne
564;5,9;-41,6;7,01;2,16;Negativno;Ne
565;2,8;-50,5;7,43;2,61;Negativno;Ne
566;10,7;-56,5;6,53;1,07;Negativno;Ne
567;8,3;-39,7;6,96;4,14;Negativno;Ne
568;1,8;-31,7;7,41;2,42;Negativno;Ne
569;11,4;-12,7;6,78;2,82;Negativno;Ne
570;7,2;-41,2;6,75;5,27;Negativno;Ne
571;12,0;-45,7;6,7;1,31;Negativno;Ne
572;5,3;-43,9;7,59;5,73;Negativno;Ne
573;2,2;-36,7;6,79;4,07;Negativno;Ne
574;1,7;-75,2;7,97;3,22;Negativno;Ne
575;8,2;-58,1;7,31;1,5;Negativno;Da
576;0,8;-84,8;8,32;1,15;Pozitivno;Ne
577;11,5;-46,3;6,65;4,38;Negativno;Ne
578;9,3;-54,9;7,38;4,13;Pozitivno;Ne
579;0,7;-70,2;6,85;1,68;Negativno;Ne
580;0,3;-59,9;7,37;2,99;Negativno;Ne
581;7,7;-54,8;7,04;5,04;Negativno;Ne
582;13,9;-53,9;6,8;4,22;Negativno;Ne
583;2,3;-43,6;6,21;3,3;Negativno;Ne
584;1,7;-49,8;6,76;3,12;Negativno;Ne
585;13,7;-56,4;7,08;1,18;Negativno;Ne
586;2,3;-41,0;6,55;0,48;Negativno;Ne
587;1,4;-63,9;7,19;3,95;Negativno;Ne
588;13,7;-63,2;6,36;3,1;Negativno;Ne
589;2,0;-60,3;6,98;2,3;Negativno;Ne
590;6,8;-42,3;7,2;3,78;Negativno;Ne
591;6,7;-43,9;6,53;1,38;Negativno;Ne
592;11,7;-64,3;5,75;5,28;Negativno;Ne
593;7,1;-68,9;6,86;1,36;Negativno;Ne
594;11,8;-72,9;8,13;0,4;Negativno;Ne
595;1,2;-13,6;7,58;9,391316343189715;Pozitivno;Da
596;1,1;-73,2;7,58;3,15;Pozitivno;Ne
597;13,7;-37,5;7,33;5,03;Negativno;Ne
598;6,5;-67,4;7,99;0,96;Negativno;Ne
599;2,5;-76,2;6,51;6,0;Negativno;Ne
600;9,6;-54,2;7,03;0,82;Pozitivno;Ne
601;13,0;-36,1;6,57;4,35;Negativno;Ne
602;8,6;-51,6;6,78;0,73;Negativno;Ne
603;1,7;-63,4;6,11;1,27;Negativno;Ne
604;13,6;-6,4;7,43;6,6915025227722555;Pozitivno;Da
605;13,5;-53,5;6,38;0,28;Negativno;Ne
606;5,0;-62,7;7,3;2,73;Negativno;Ne
607;0,5;-35,6;6,35;1,3;Negativno;Ne
608;9,2;-48,2;7,42;0,89;Negativno;Ne
609;5,0;-34,3;7,18;0,11;Negativno;Ne
610;4,9;-37,9;7,97;1,4;Negativno;Ne
611;9,7;-61,1;7,07;4,34;Negativno;Ne
612;5,3;-61,7;7,21;0,84;Negativno;Ne
613;9,5;-45,7;6,07;5,88;Pozitivno;Da
614;10,6;-63,5;6,17;2,78;Negativno;Ne
615;8,0;-51,4;6,48;5,62;Negativno;Ne
616;7,1;-58,2;6,41;1,24;Negativno;Ne
617;3,4;-45,2;6,7;2,01;Negativno;Ne
618;0,9;-52,3;6,59;5,75;Negativno;Ne
619;4,5;-55,6;7,0;3,06;Negativno;Ne
620;8,1;-40,6;6,88;0,81;Negativno;Ne
621;4,1;-46,4;7,49;5,98;Negativno;Ne
622;10,6;-10,7;7,26;5,361316343189715;Pozitivno;Da
623;0,8;-41,3;6,36;0,6;Negativno;Ne
624;1,6;-76,5;7,09;4,15;Negativno;Ne
625;3,9;-71,7;6,5;5,23;Negativno;Ne
626;4,9;-59,2;7,47;3,54;Negativno;Ne
627;3,8;-49,8;7,2;2,53;Negativno;Ne
628;4,2;-34,0;7,71;3,24;Negativno;Ne
629;10,4;-33,7;6,61;1,59;Negativno;Ne
630;11,9;5,7;6,76;5,79;Negativno;Ne
631;8,8;-59,1;6,89;3,32;Negativno;Ne
632;9,0;-64,7;7,43;4,08;Negativno;Ne
633;11,9;-49,4;7,98;1,56;Negativno;Ne
634;10,2;-23,1;6,89;3,69;Negativno;Ne
635;14,0;-42,2;7,03;1,95;Negativno;Ne
636;5,9;-47,7;7,09;4,3;Negativno;Ne
637;12,1;-91,4;7,34;3,28;Negativno;Ne
638;0,9;-53,3;7,15;4,97;Negativno;Ne
639;1,1;-43,1;7,69;2,05;Negativno;Ne
640;11,1;-60,7;7,77;5,73;Negativno;Ne
641;5,1;-51,5;7,17;0,62;Negativno;Ne
642;1,5;-38,1;7,22;4,94;Negativno;Ne
643;2,2;-27,8;7,15;1,09;Negativno;Ne
644;1,7;-64,8;7,35;1,16;Pozitivno;Ne
645;7,0;-45,1;6,77;3,05;Negativno;Ne
646;14,9;-41,1;6,94;2,77;Negativno;Ne
647;12,0;-52,5;7,2;1,63;Negativno;Ne
648;11,4;-54,0;7,11;5,9;Negativno;Ne
649;3,2;-61,9;6,82;2,77;Negativno;Ne
650;1,7;-72,3;7,24;4,32;Negativno;Ne
651;1,5;-37,5;8,17;3,94;Negativno;Da
652;1,0;-27,2;7,57;3,99;Negativno;Ne
653;10,6;-42,9;7,56;0,89;Pozitivno;Ne
654;2,8;-84,1;7,35;3,45;Negativno;Ne
655;8,0;-50,1;7,11;3,16;Negativno;Ne
656;0,8;-35,2;7,63;5,42;Negativno;Ne
657;13,1;-47,3;7,15;1,57;Negativno;Ne
658;11,4;-10,6;6,81;3,5;Negativno;Ne
659;9,7;-45,7;7,39;3,02;Negativno;Ne
660;2,3;-50,7;7,05;0,46;Negativno;Ne
661;11,9;-48,0;6,81;5,04;Negativno;Ne
662;6,9;-54,8;6,81;1,89;Negativno;Da
663;1,8;-30,8;6,27;1,8;Negativno;Ne
664;10,3;-51,6;6,79;0,55;Negativno;Ne
665;12,3;-61,6;6,91;2,99;Negativno;Ne
666;9,5;-38,0;7,38;1,02;Negativno;Ne
667;4,2;-49,7;7,08;0,13;Negativno;Ne
668;1,4;-72,1;7,5;0,71;Negativno;Ne
669;4,2;-51,0;7,57;2,75;Negativno;Ne
670;2,0;-70,0;7,14;3,8;Negativno;Ne
671;9,0;-74,6;6,86;5,6;Negativno;Ne
672;0,7;-30,8;6,44;5,48;Negativno;Ne
673;13,4;-17,6;6,15;2,55;Negativno;Ne
674;5,2;-24,6;7,1;4,51;Negativno;Ne
675;7,9;-37,7;7,57;4,03;Negativno;Ne
676;5,2;-45,7;6,58;3,79;Negativno;Ne
677;2,9;-61,2;7,56;0,46;Negativno;Ne
678;4,1;-56,0;6,87;0,57;Negativno;Ne
679;1,7;-58,9;6,45;1,88;Negativno;Ne
680;4,0;-57,7;7,05;4,23;Negativno;Ne
681;6,7;-57,8;6,04;0,38;Negativno;Ne
682;10,8;-59,8;7,39;0,83;Negativno;Ne
683;8,4;-79,6;6,43;2,21;Negativno;Ne
684;2,6;-41,2;7,69;2,69;Negativno;Ne
685;3,6;-63,0;7,07;3,63;Negativno;Ne
686;13,1;-50,7;6,99;4,28;Negativno;Ne
687;10,1;-55,3;7,37;2,33;Negativno;Ne
688;1,6;-52,3;7,24;4,85;Negativno;Ne
689;3,3;-56,1;7,1;3,88;Negativno;Ne
690;1,9;-54,8;6,63;5,41;Negativno;Ne
691;6,7;-37,8;6,73;1,93;Negativno;Ne
692;10,4;-34,2;7,45;2,13;Pozitivno;Ne
693;14,0;-49,4;7,35;1,62;Negativno;Ne
694;0,9;-45,2;7,91;3,88;Negativno;Ne
695;1,9;-58,0;7,4;2,54;Negativno;Ne
696;14,4;-12,2;7,51;4,46;Negativno;Ne
697;5,7;-75,9;8,07;1,42;Pozitivno;Ne
698;12,9;-64,2;7,44;4,5;Negativno;Ne
699;13,2;-24,0;7,81;3,4;Negativno;Ne
700;2,2;-25,1;6,87;3,92;Negativno;Ne
701;11,9;-48,9;7,38;3,25;Negativno;Ne
702;9,6;-28,0;7,62;0,74;Negativno;Ne
703;12,3;-36,9;7,28;0,57;Negativno;Ne
704;0,2;-53,6;7,11;5,49;Negativno;Ne
705;7,7;-50,0;6,79;2,8;Negativno;Ne
706;7,1;-9,1;6,83;5,92;Negativno;Ne
707;5,9;-46,7;7,12;3,89;Negativno;Ne
708;9,4;-8,1;7,49;9,232267936775436;Pozitivno;Da
709;7,2;-39,7;6,71;0,87;Negativno;Ne
710;12,6;-52,1;7,29;1,61;Negativno;Ne
711;12,1;-40,5;6,76;1,25;Negativno;Ne
712;5,2;-69,2;7,87;3,2;Negativno;Ne
713;4,2;-60,4;7,15;0,77;Negativno;Ne
714;9,3;-60,6;6,11;4,37;Pozitivno;Ne
715;2,3;-73,1;7,67;1,84;Negativno;Ne
716;5,2;-51,0;6,74;1,22;Negativno;Ne
717;13,5;-81,3;6,94;3,14;Negativno;Ne
718;0,1;-34,8;7,74;0,81;Negativno;Ne
719;9,9;-35,0;6,76;0,67;Negativno;Ne
720;1,9;-64,0;6,14;4,87;Negativno;Ne
721;2,4;-42,2;7,69;1,75;Negativno;Ne
722;5,9;-60,9;6,88;0,77;Pozitivno;Ne
723;7,5;-45,8;6,7;3,44;Negativno;Ne
724;5,4;-70,4;7,53;3,32;Negativno;Ne
725;10,5;-42,1;7,2;5,26;Negativno;Ne
726;13,1;-74,7;8,13;5,07;Negativno;Ne
727;2,4;-77,5;8,76;3,76;Negativno;Ne
728;12,3;-47,8;6,62;5,8;Negativno;Ne
729;0,5;-44,1;7,54;3,63;Negativno;Ne
730;2,2;-18,7;7,27;1,69;Negativno;Ne
731;3,9;-34,8;7,51;3,96;Negativno;Ne
732;10,8;-50,7;6,72;4,85;Negativno;Ne
733;0,9;-61,1;7,09;2,58;Negativno;Ne
734;13,2;-50,9;7,65;5,28;Pozitivno;Ne
735;11,1;-51,3;6,59;3,04;Negativno;Ne
736;4,1;-74,1;7,45;2,82;Negativno;Ne
737;13,5;-65,8;7,6;0,81;Negativno;Ne
738;3,0;-45,1;7,53;3,4;Negativno;Ne
739;6,1;-64,3;7,29;5,75;Negativno;Ne
740;13,1;-12,9;6,58;10,111316343189715;Pozitivno;Da
741;5,2;-46,1;6,68;5,94;Negativno;Ne
742;12,8;-43,2;5,93;1,25;Negativno;Ne
743;1,2;-54,9;7,47;5,27;Negativno;Ne
744;4,9;-42,1;5,47;1,08;Negativno;Ne
745;7,0;-52,4;6,49;5,54;Negativno;Ne
746;5,9;-46,8;6,45;4,78;Negativno;Ne
747;5,9;-50,5;6,33;1,26;Negativno;Ne
748;8,8;-62,2;7,25;5,01;Negativno;Ne
749;7,7;-17,1;-2,0;10,161502522772256;Pozitivno;Da
750;2,4;-47,4;7,12;3,97;Negativno;Ne
751;10,7;-61,7;7,64;1,93;Negativno;Ne
752;9,6;-39,0;7,09;4,33;Negativno;Ne
753;0,2;-54,9;7,39;0,59;Negativno;Ne
754;11,2;-59,1;6,89;3,18;Negativno;Ne
755;13,4;-53,2;6,44;3,28;Negativno;Ne
756;4,1;-47,2;6,85;5,49;Negativno;Ne
757;12,1;-46,1;6,99;0,22;Pozitivno;Ne
758;4,6;-60,5;5,75;0,67;Negativno;Ne
759;6,0;-49,7;7,8;5,48;Negativno;Ne
760;5,1;-36,4;6,46;4,74;Pozitivno;Ne
761;13,7;-18,5;6,74;4,0;Negativno;Ne
762;0,6;-73,1;7,56;2,23;Negativno;Ne
763;10,1;-16,2;6,6;5,341502522772256;Pozitivno;Da
764;11,6;-55,8;7,27;4,88;Negativno;Ne
765;3,9;-57,3;7,82;3,44;Negativno;Ne
766;1,4;-70,5;7,97;0,56;Negativno;Ne
767;1,1;-53,9;6,82;4,73;Negativno;Ne
768;8,5;-63,3;6,88;3,43;Negativno;Ne
769;5,8;-58,6;6,93;3,69;Negativno;Ne
770;9,3;-46,9;6,89;0,56;Negativno;Ne
771;2,7;-30,3;6,77;2,64;Negativno;Ne
772;1,9;-58,8;6,72;5,24;Negativno;Ne
773;3,3;-30,2;5,45;1,47;Negativno;Ne
774;9,6;-29,2;6,44;4,85;Negativno;Ne
775;5,6;-47,3;7,15;1,26;Negativno;Ne
776;1,5;-13,1;7,2;4,891502522772256;Pozitivno;Da
777;4,7;-57,3;7,66;0,29;Negativno;Ne
778;11,7;-31,2;6,69;2,08;Negativno;Ne
779;14,1;-55,4;8,32;0,87;Negativno;Ne
780;2,8;-55,7;7,78;2,56;Negativno;Ne
781;14,5;-35,3;6,84;5,99;Negativno;Ne
782;11,5;-59,4;6,71;3,05;Negativno;Ne
783;12,5;-45,0;7,39;5,19;Negativno;Ne
784;9,6;-10,5;6,75;5,681316343189716;Pozitivno;Da
785;5,9;-43,9;7,85;0,7;Negativno;Ne
786;8,2;-69,1;6,97;4,3;Negativno;Ne
787;7,2;-57,4;6,48;4,23;Negativno;Ne
788;10,4;-39,7;7,64;5,61;Negativno;Ne
789;0,2;-70,9;6,72;4,15;Negativno;Ne
790;9,7;-40,3;6,45;2,76;Negativno;Da
791;5,6;-43,6;8,27;5,82;Negativno;Ne
792;14,1;-77,9;7,03;3,98;Negativno;Ne
793;10,5;-73,1;7,34;5,18;Negativno;Ne
794;8,5;-71,8;6,64;3,33;Negativno;Ne
795;1,2;-38,9;7,15;3,53;Negativno;Ne
796;2,0;-35,4;6,68;1,78;Negativno;Ne
797;9,0;-55,1;7,45;4,03;Negativno;Ne
798;9,4;-57,3;7,47;4,85;Negativno;Ne
799;3,4;-59,9;6,94;2,35;Negativno;Ne
800;6,8;-52,4;7,04;0,72;Negativno;Da
801;9,0;-68,6;6,92;3,9;Negativno;Ne
802;14,0;-85,1;6,88;1,64;Negativno;Ne
803;2,5;-63,9;6,63;3,42;Negativno;Ne
804;13,0;-65,8;7,18;4,05;Negativno;Ne
805;1,2;-52,2;8,11;2,94;Negativno;Ne
806;7,3;-46,7;7,08;2,71;Negativno;Ne
807;2,4;-74,8;7,78;1,33;Negativno;Ne
808;6,8;-48,7;6,05;3,57;Negativno;Ne
809;13,0;-54,4;7,75;2,29;Negativno;Ne
810;8,8;-75,4;7,16;5,39;Negativno;Ne
811;1,3;-66,4;7,77;3,38;Negativno;Ne
812;10,0;-19,2;6,99;5,89;Negativno;Ne
813;14,2;-28,7;7,11;1,45;Negativno;Ne
814;14,7;-40,9;6,35;1,6;Negativno;Ne
815;14,1;-50,0;5,87;5,85;Negativno;Ne
816;14,0;-50,2;7,42;2,74;Negativno;Ne
817;14,6;-48,7;7,0;3,42;Negativno;Ne
818;12,3;-34,3;7,46;4,74;Negativno;Ne
819;5,5;-49,5;6,43;3,06;Negativno;Da
820;14,0;-47,6;7,51;1,47;Negativno;Ne
821;2,1;-42,8;6,75;5,48;Negativno;Ne
822;11,1;-46,8;6,73;1,44;Negativno;Ne
823;13,1;-27,2;7,05;3,09;Negativno;Ne
824;4,8;-50,4;7,49;0,36;Negativno;Da
825;3,6;-12,6;7,49;7,771316343189715;Pozitivno;Da
826;10,8;-59,2;6,92;2,53;Negativno;Ne
827;12,2;-57,3;6,37;5,95;Negativno;Ne
828;5,9;-43,9;7,53;2,05;Negativno;Ne
829;6,4;-58,0;7,74;5,64;Negativno;Ne
830;3,9;-48,2;6,98;5,71;Negativno;Ne
831;11,0;-58,2;7,58;0,17;Negativno;Ne
832;1,7;-26,1;7,21;4,71;Negativno;Ne
833;14,4;-41,6;7,43;5,0;Negativno;Ne
834;5,6;-55,3;7,7;4,17;Pozitivno;Da
835;3,4;-53,7;6,79;5,14;Negativno;Ne
836;7,5;-65,0;7,46;3,09;Negativno;Ne
837;14,5;-50,3;6,79;2,75;Negativno;Ne
838;12,0;-69,9;7,77;3,08;Negativno;Ne
839;15,0;-51,3;6,53;2,9;Negativno;Ne
840;3,2;-46,4;6,79;0,46;Negativno;Ne
841;11,7;-47,4;6,36;4,06;Negativno;Ne
842;6,9;-67,3;6,35;0,56;Negativno;Ne
843;7,3;-47,1;7,45;2,16;Negativno;Ne
844;1,5;-47,1;6,77;4,65;Negativno;Ne
845;12,6;-38,2;6,29;4,7;Negativno;Ne
846;13,0;-71,6;6,22;5,87;Pozitivno;Ne
847;7,5;-44,9;7,56;5,99;Negativno;Ne
848;3,4;-56,3;8,51;4,35;Negativno;Da
849;11,3;-35,8;7,83;4,83;Negativno;Ne
850;6,0;-24,4;8,09;1,36;Negativno;Ne
851;13,9;-66,0;6,81;2,86;Negativno;Ne
852;5,7;-27,5;7,83;4,43;Negativno;Ne
853;2,1;-13,7;6,77;4,97;Negativno;Ne
854;2,2;-77,4;7,21;3,1;Negativno;Ne
855;4,7;-62,0;6,25;5,06;Negativno;Da
856;5,2;-46,3;7,0;2,66;Negativno;Ne
857;10,3;-63,4;7,4;4,47;Pozitivno;Ne
858;5,1;-33,0;6,41;1,98;Negativno;Ne
859;5,6;-24,1;7,32;1,9;Negativno;Ne
860;12,3;-72,4;6,9;4,44;Negativno;Ne
861;11,2;-44,0;6,43;0,85;Negativno;Ne
862;5,8;-22,5;6,83;0,47;Pozitivno;Ne
863;11,9;-47,5;7,32;1,52;Negativno;Ne
864;13,7;-58,2;7,24;0,3;Negativno;Ne
865;10,5;-69,2;6,53;3,38;Negativno;Ne
866;8,8;-53,1;6,98;5,43;Pozitivno;Ne
867;7,2;-47,8;6,75;3,03;Negativno;Da
868;7,1;-60,1;6,67;1,33;Negativno;Ne
869;3,0;-42,5;7,88;0,45;Negativno;Ne
870;12,5;-62,8;7,33;4,5;Negativno;Ne
871;3,3;-34,6;7,44;3,06;Negativno;Ne
872;8,8;-81,7;6,87;2,35;Negativno;Ne
873;6,5;-47,5;7,3;2,17;Pozitivno;Ne
874;1,7;-43,3;7,13;2,78;Negativno;Da
875;4,3;-16,3;6,68;3,19;Negativno;Ne
876;1,4;-43,6;6,3;0,25;Negativno;Ne
877;0,9;-46,0;6,99;0,8;Negativno;Ne
878;5,4;-55,4;7,17;1,86;Negativno;Ne
879;11,8;-33,9;6,77;4,17;Negativno;Ne
880;0,7;-39,9;7,57;5,34;Negativno;Ne
881;5,5;-16,9;6,67;6,131502522772256;Pozitivno;Da
882;14,8;-54,8;7,38;2,36;Negativno;Ne
883;12,9;-11,4;7,03;7,391502522772256;Pozitivno;Da
884;7,6;-62,3;6,72;0,25;Negativno;Ne
885;12,9;-50,2;7,02;4,55;Negativno;Ne
886;0,7;-63,0;6,68;5,18;Negativno;Ne
887;8,5;-44,8;6,78;5,22;Pozitivno;Ne
888;1,9;-42,9;7,19;5,91;Negativno;Ne
889;12,8;-51,9;6,58;0,75;Negativno;Ne
890;13,1;-34,0;6,69;4,95;Negativno;Ne
891;9,4;-67,3;6,9;0,9;Negativno;Da
892;6,8;-34,0;6,89;4,96;Negativno;Ne
893;13,7;-42,8;7,27;4,8;Negativno;Ne
894;13,9;-53,0;6,54;0,79;Negativno;Ne
895;2,1;-39,7;5,8;4,64;Pozitivno;Ne
896;5,5;-59,9;7,23;4,21;Negativno;Ne
897;6,2;-56,8;7,09;1,23;Negativno;Ne
898;8,9;-18,6;7,4;3,48;Negativno;Ne
899;3,9;-36,9;7,14;4,69;Negativno;Ne
900;8,1;-57,7;6,77;5,71;Negativno;Ne
901;1,1;-61,8;7,0;3,32;Negativno;Ne
902;3,6;-53,6;7,05;0,75;Negativno;Ne
903;5,1;-51,0;6,66;5,16;Negativno;Ne
904;9,8;-20,8;6,12;0,84;Pozitivno;Da
905;4,6;-36,6;7,07;5,66;Negativno;Ne
906;3,1;-28,1;7,5;2,01;Negativno;Ne
907;5,5;-29,4;7,35;5,99;Negativno;Ne
908;14,9;-37,4;7,67;3,76;Negativno;Ne
909;10,2;-8,1;6,61;10,381316343189717;Pozitivno;Da
910;3,5;-92,3;6,84;4,19;Negativno;Ne
911;9,9;-46,0;6,85;5,33;Pozitivno;Ne
912;11,4;-46,5;7,26;2,82;Negativno;Ne
913;12,0;-51,0;7,32;1,77;Pozitivno;Ne
914;5,4;-46,4;6,6;5,95;Negativno;Ne
915;9,8;-66,3;5,78;3,78;Negativno;Ne
916;10,0;-34,4;7,32;5,99;Negativno;Ne
917;10,1;-55,5;7,0;4,76;Negativno;Ne
918;5,4;-59,2;6,49;4,85;Negativno;Ne
919;13,6;-46,9;7,86;0,9;Negativno;Ne
920;10,7;-61,1;7,68;1,74;Negativno;Ne
921;6,9;-47,3;6,97;0,38;Pozitivno;Ne
922;2,5;-54,6;6,55;0,62;Negativno;Ne
923;2,6;-66,0;6,53;5,61;Negativno;Da
924;2,5;-61,7;7,21;4,81;Negativno;Da
925;9,5;-40,8;7,41;4,1;Negativno;Ne
926;10,4;-33,0;6,33;0,27;Negativno;Ne
927;13,4;-25,6;7,07;0,94;Negativno;Ne
928;0,3;-69,4;6,45;0,68;Negativno;Ne
929;0,2;-42,1;6,69;3,24;Negativno;Ne
930;13,0;-19,0;6,87;4,05;Negativno;Ne
931;13,5;-30,7;7,48;5,81;Negativno;Ne
932;12,6;-68,3;7,01;0,21;Negativno;Ne
933;4,1;-22,1;6,97;4,22;Negativno;Ne
934;4,9;-63,3;7,63;1,48;Negativno;Da
935;9,0;-47,5;7,07;2,55;Pozitivno;Ne
936;2,5;-35,2;7,9;4,53;Negativno;Ne
937;9,9;-39,1;6,75;0,47;Negativno;Ne
938;3,7;-75,7;7,21;3,36;Pozitivno;Ne
939;0,2;-46,5;7,21;0,42;Negativno;Ne
940;5,9;-46,3;7,56;1,09;Negativno;Ne
941;3,4;-58,2;6,98;1,24;Negativno;Ne
942;11,0;-57,9;6,83;5,93;Negativno;Ne
943;9,6;-48,2;7,39;2,4;Negativno;Ne
944;6,1;-9,6;7,67;8,341502522772256;Pozitivno;Da
945;14,5;-47,0;6,94;0,46;Negativno;Ne
946;14,8;-63,1;7,25;5,22;Negativno;Ne
947;5,6;-73,7;6,7;0,6;Negativno;Ne
948;13,8;-51,1;6,79;1,95;Negativno;Ne
949;7,3;-63,8;7,07;2,93;Negativno;Ne
950;6,9;-90,7;7,13;0,73;Negativno;Ne
951;5,8;-57,1;7,22;4,23;Negativno;Ne
952;2,0;-56,9;8,15;2,12;Negativno;Ne
953;9,7;-66,2;6,64;3,49;Negativno;Ne
954;10,5;-33,7;7,61;0,33;Pozitivno;Ne
955;7,5;-82,5;7,22;2,58;Negativno;Ne
956;6,7;-60,8;7,44;4,72;Negativno;Ne
957;12,2;-37,1;6,61;1,57;Negativno;Ne
958;10,2;-10,6;7,25;5,57;Negativno;Ne
959;10,1;-66,5;6,87;2,39;Negativno;Ne
960;8,6;-24,3;7,39;1,25;Negativno;Ne
961;1,1;-13,5;7,19;2,79;Pozitivno;Ne
962;1,8;-19,4;6,1;9,532267936775435;Pozitivno;Da
963;2,1;-60,4;6,63;4,65;Negativno;Ne
964;1,0;-70,6;7,33;0,36;Negativno;Da
965;1,5;-56,4;7,13;4,39;Negativno;Ne
966;13,5;-68,8;5,83;4,06;Negativno;Ne
967;5,7;-67,6;7,61;0,37;Negativno;Ne
968;5,7;-68,4;6,89;4,47;Negativno;Ne
969;6,4;-70,6;6,64;0,98;Pozitivno;Ne
970;11,2;-42,2;7,11;0,49;Negativno;Ne
971;6,7;-62,0;7,12;0,7;Negativno;Ne
972;12,9;-41,4;6,85;5,49;Pozitivno;Ne
973;5,4;-27,0;5,61;1,84;Negativno;Ne
974;11,0;-51,6;6,79;4,51;Negativno;Ne
975;13,0;-41,3;6,79;3,08;Negativno;Ne
976;4,5;-47,4;6,91;0,9;Negativno;Ne
977;10,4;-55,1;6,88;4,85;Negativno;Ne
978;10,1;-72,1;7,0;1,7;Negativno;Ne
979;9,5;-50,5;6,39;3,94;Negativno;Ne
980;14,0;-60,1;6,44;0,15;Negativno;Ne
981;3,3;-58,3;5,56;5,5;Negativno;Ne
982;9,4;-33,8;8,01;5,98;Negativno;Ne
983;5,4;-72,1;7,21;2,75;Negativno;Da
984;3,6;-53,8;8,16;0,55;Negativno;Ne
985;10,9;-61,6;6,53;4,6;Negativno;Ne
986;6,6;-86,1;6,74;1,68;Negativno;Ne
987;3,0;-47,4;6,86;4,63;Negativno;Ne
988;3,4;-32,0;7,18;3,02;Negativno;Ne
989;5,2;-49,3;6,24;0,28;Negativno;Ne
990;8,3;-33,3;6,83;5,13;Negativno;Ne
991;7,2;-61,6;7,58;4,52;Negativno;Ne
992;3,4;-33,4;7,56;5,83;Negativno;Ne
993;2,1;-40,8;7,21;4,16;Negativno;Ne
994;12,8;-48,1;6,59;0,28;Negativno;Ne
995;8,9;-29,5;7,25;5,65;Negativno;Ne
996;4,4;-16,6;7,2;9,471316343189716;Pozitivno;Da
997;5,8;-58,4;7,19;4,85;Negativno;Ne
998;8,6;-60,0;7,22;1,16;Negativno;Ne
999;13,5;-32,8;7,9;1,6;Negativno;Ne
1000;7,4;-56,7;6,92;4,27;Pozitivno;Ne
1001;5,9;-65,6;6,43;1,06;Negativno;Ne
1002;11,2;-46,9;7,85;3,69;Negativno;Ne
1003;14,3;-27,6;6,64;1,4;Negativno;Ne
1004;11,1;-68,8;7,23;3,67;Negativno;Ne
1005;5,5;-50,0;6,56;4,63;Negativno;Ne
1006;2,4;-36,0;6,97;1,61;Negativno;Ne
1007;7,3;-48,5;7,33;3,15;Negativno;Ne
1008;13,4;-45,9;6,86;4,39;Negativno;Ne
1009;5,7;-60,4;7,0;2,66;Pozitivno;Ne
1010;14,5;-28,1;7,73;1,22;Negativno;Ne
1011;14,5;-45,6;6,45;2,67;Negativno;Ne
1012;4,7;-49,9;6,61;3,08;Negativno;Ne
1013;11,5;-14,5;6,93;0,24;Negativno;Ne
1014;5,7;-18,0;7,0;1,51;Negativno;Ne
1015;11,5;-45,4;6,18;2,32;Negativno;Ne
1016;12,3;-36,4;7,15;4,75;Negativno;Ne
1017;1,3;-12,0;8,26;6,131502522772256;Pozitivno;Da
1018;1,4;-7,6;7,44;9,621502522772257;Pozitivno;Da
1019;1,6;-15,9;7,32;7,161502522772256;Pozitivno;Da
1020;9,4;-65,4;6,62;0,64;Negativno;Ne
1021;2,0;-20,8;6,89;0,95;Negativno;Ne
1022;2,2;-34,8;6,52;5,94;Negativno;Ne
1023;11,9;-64,5;7,04;3,88;Negativno;Ne
1024;7,5;-32,6;7,42;4,5;Negativno;Ne
1025;7,7;-45,6;7,21;1,08;Negativno;Da
1026;13,1;-48,3;6,75;2,47;Negativno;Ne
1027;9,8;-33,9;7,57;0,59;Negativno;Ne
1028;5,8;-69,7;7,24;1,49;Negativno;Ne
1029;9,4;-69,6;6,49;2,27;Negativno;Ne
1030;4,8;-51,5;6,41;0,72;Negativno;Ne
1031;13,8;-62,8;6,26;0,58;Negativno;Ne
1032;10,4;-32,4;6,96;2,4;Negativno;Ne
1033;6,5;-10,2;6,98;0,51;Negativno;Ne
1034;14,7;-78,6;7,09;4,98;Negativno;Ne
1035;2,1;-39,8;7,34;3,87;Negativno;Ne
1036;11,9;-37,3;6,82;4,29;Negativno;Ne
1037;3,2;-40,3;7,19;5,55;Negativno;Da
1038;2,1;-50,6;7,33;0,59;Negativno;Ne
1039;8,2;-53,5;7,77;4,65;Negativno;Ne
1040;10,3;-50,2;7,01;0,42;Negativno;Ne
1041;3,7;-55,6;6,12;3,19;Negativno;Ne
1042;3,9;-43,2;6,89;2,17;Pozitivno;Ne
1043;7,7;-64,8;6,8;1,29;Negativno;Ne
1044;6,6;-61,2;6,17;5,6;Negativno;Ne
1045;7,7;-50,7;7,68;5,09;Negativno;Ne
1046;15,0;-26,9;7,21;5,55;Negativno;Ne
1047;2,6;-70,8;7,11;1,23;Negativno;Ne
1048;11,4;-31,3;7,69;3,71;Negativno;Ne
1049;6,3;-39,1;7,28;5,9;Negativno;Ne
1050;12,2;-61,0;6,72;4,09;Negativno;Ne
1051;8,5;-31,2;7,05;1,24;Negativno;Ne
1052;7,5;-31,1;8,03;2,74;Negativno;Ne
1053;0,7;-37,7;7,47;1,92;Negativno;Ne
1054;0,4;-40,2;6,84;4,26;Negativno;Ne
1055;14,2;-56,2;6,37;0,47;Negativno;Da
1056;13,5;-39,4;6,91;1,66;Negativno;Da
1057;8,6;-37,0;6,39;0,21;Negativno;Ne
1058;2,3;-47,8;5,66;1,03;Negativno;Ne
1059;7,8;-62,5;6,46;3,8;Negativno;Ne
1060;13,6;-45,1;7,94;2,57;Negativno;Ne
1061;7,3;-33,5;7,12;3,66;Negativno;Ne
1062;3,1;-28,6;8,28;4,94;Negativno;Ne
1063;7,0;-50,8;5,79;5,45;Negativno;Ne
1064;5,8;-58,2;6,75;2,69;Negativno;Ne
1065;2,7;-60,5;7,03;5,02;Negativno;Ne
1066;12,3;-53,9;7,17;1,84;Negativno;Ne
1067;0,5;-54,4;6,8;4,32;Negativno;Ne
1068;12,8;-63,3;6,34;5,39;Negativno;Ne
1069;6,1;-13,9;6,62;4,721502522772256;Pozitivno;Da
1070;13,4;-90,9;6,78;1,1;Negativno;Ne
1071;14,0;-60,6;6,39;2,85;Negativno;Ne
1072;1,6;-22,7;6,45;2,43;Negativno;Ne
1073;4,5;-68,1;7,38;5,83;Negativno;Da
1074;9,9;-41,6;6,81;1,14;Negativno;Ne
1075;7,2;-47,3;6,63;0,45;Negativno;Ne
1076;8,7;-57,3;6,88;2,35;Negativno;Ne
1077;3,1;-36,8;7,3;1,04;Negativno;Ne
1078;8,3;-56,4;6,64;1,6;Negativno;Ne
1079;9,5;-33,5;7,44;3,35;Negativno;Ne
1080;12,8;-62,9;6,66;0,7;Negativno;Ne
1081;10,6;-16,0;6,58;10,052267936775436;Pozitivno;Da
1082;5,5;-25,5;7,31;4,2;Negativno;Ne
1083;6,9;-56,9;7,99;2,28;Negativno;Ne
1084;3,2;-68,1;7,33;1,5;Negativno;Ne
1085;6,9;-36,9;6,78;4,1;Negativno;Ne
1086;8,4;-62,0;6,82;0,72;Pozitivno;Ne
1087;13,6;-87,3;7,39;4,21;Negativno;Ne
1088;9,9;-54,7;6,08;3,24;Negativno;Ne
1089;3,9;-48,3;6,63;2,18;Negativno;Da
1090;1,5;-27,5;6,34;1,77;Negativno;Da
1091;3,9;-56,9;6,59;5,7;Negativno;Ne
1092;14,4;-40,5;6,75;5,79;Negativno;Ne
1093;11,9;-29,5;6,68;4,98;Negativno;Ne
1094;12,6;-47,1;7,64;0,8;Negativno;Ne
1095;4,5;-32,9;7,16;2,38;Negativno;Ne
1096;1,4;-79,7;6,59;3,78;Negativno;Ne
1097;3,5;-55,0;6,2;4,87;Negativno;Ne
1098;3,9;-57,7;6,35;4,01;Negativno;Ne
1099;2,2;-39,1;7,03;1,18;Negativno;Ne
1100;11,2;-27,1;6,57;4,82;Negativno;Da
1101;2,5;-29,4;7,84;5,81;Negativno;Ne
1102;6,4;-47,8;5,82;2,17;Negativno;Ne
1103;13,2;-42,3;6,63;1,11;Negativno;Ne
1104;3,3;-57,5;6,72;2,64;Negativno;Ne
1105;10,9;-37,8;7,48;2,99;Negativno;Ne
1106;10,5;-68,1;7,45;2,12;Negativno;Da
1107;5,3;-57,6;7,54;3,78;Negativno;Ne
1108;11,6;-34,7;6,99;0,14;Pozitivno;Ne
1109;9,2;-25,9;7,17;2,68;Negativno;Ne
1110;12,5;-44,7;7,12;2,01;Negativno;Ne
1111;11,9;-42,3;7,13;5,48;Negativno;Ne
1112;3,9;-63,4;7,45;2,26;Negativno;Ne
1113;5,2;-68,8;6,95;2,29;Negativno;Ne
1114;6,6;-44,6;7,59;4,34;Negativno;Ne
1115;4,9;-53,1;7,15;2,86;Negativno;Ne
1116;1,7;-63,6;6,7;4,96;Negativno;Ne
1117;9,5;-52,3;8,08;4,38;Negativno;Ne
1118;12,6;-51,3;7,11;3,15;Pozitivno;Ne
1119;6,9;-41,3;6,7;1,91;Negativno;Ne
1120;6,5;-39,5;6,82;0,83;Negativno;Ne
1121;1,7;-63,5;6,82;0,46;Negativno;Ne
1122;13,3;-65,0;6,47;0,85;Negativno;Da
1123;0,8;-65,1;7,86;5,98;Negativno;Ne
1124;5,7;-83,1;6,29;2,74;Negativno;Ne
1125;6,4;-68,8;7,11;0,58;Pozitivno;Ne
1126;1,9;-47,8;7,02;5,32;Negativno;Ne
1127;12,7;-42,8;5,8;2,79;Negativno;Ne
1128;14,3;-38,7;6,43;5,5;Pozitivno;Ne
1129;7,8;-54,7;6,96;2,15;Negativno;Ne
1130;2,0;-53,1;6,65;0,18;Pozitivno;Ne
1131;9,0;-23,2;7,47;2,93;Negativno;Ne
1132;12,2;-64,3;7,25;0,94;Negativno;Ne
1133;11,2;-35,1;6,73;3,99;Pozitivno;Ne
1134;11,7;-43,5;6,26;1,09;Negativno;Ne
1135;1,3;-53,6;6,55;0,56;Pozitivno;Ne
1136;3,5;-36,6;6,45;3,66;Negativno;Ne
1137;4,6;-42,4;6,78;5,21;Negativno;Ne
1138;10,6;-60,0;6,67;1,59;Negativno;Ne
1139;2,7;-51,2;5,7;5,95;Negativno;Ne
1140;14,3;-74,5;6,24;1,92;Negativno;Ne
1141;2,9;-54,3;6,9;4,29;Negativno;Ne
1142;10,8;-75,1;6,42;1,06;Negativno;Ne
1143;10,2;-51,5;8,06;3,38;Pozitivno;Ne
1144;8,7;-60,3;7,13;4,85;Negativno;Ne
1145;12,3;-36,2;7,18;2,24;Negativno;Ne
1146;3,0;-58,2;6,29;1,09;Negativno;Ne
1147;8,6;-7,3;6,92;4,91;Negativno;Ne
1148;7,0;-42,3;7,34;3,33;Negativno;Ne
1149;9,8;-38,9;6,7;2,16;Pozitivno;Ne
1150;11,7;-43,0;6,91;4,99;Negativno;Ne
1151;5,7;-33,7;7,62;0,54;Negativno;Ne
1152;2,1;-70,8;6,96;1,24;Negativno;Da
1153;13,2;-43,4;7,1;1,21;Negativno;Ne
1154;4,3;-45,6;6,56;5,57;Pozitivno;Ne
1155;12,8;-25,3;7,03;1,24;Negativno;Ne
1156;7,3;-49,7;7,07;2,02;Negativno;Ne
1157;7,4;-63,2;7,24;0,58;Negativno;Ne
1158;1,1;-45,5;7,32;4,46;Negativno;Ne
1159;1,7;-54,7;7,55;3,99;Negativno;Ne
1160;14,6;-78,7;6,69;0,71;Negativno;Ne
1161;8,7;-43,3;6,53;4,45;Negativno;Ne
1162;3,5;-42,6;7,07;2,13;Negativno;Ne
1163;6,2;-53,0;6,69;1,62;Negativno;Ne
1164;2,9;-38,2;6,87;4,39;Negativno;Ne
1165;8,4;-53,6;7,29;2,03;Negativno;Ne
1166;2,8;-12,7;7,33;9,301316343189715;Pozitivno;Da
1167;11,3;-46,4;7,6;4,9;Negativno;Ne
1168;9,4;-64,7;6,79;2,93;Negativno;Ne
1169;12,0;-51,4;6,21;5,83;Negativno;Ne
1170;7,3;-55,9;6,18;2,58;Negativno;Ne
1171;5,4;-59,7;6,58;2,59;Negativno;Ne
1172;5,3;-63,2;6,78;5,69;Pozitivno;Ne
1173;4,7;-51,4;6,75;0,13;Negativno;Ne
1174;11,9;-39,5;7,59;2,12;Negativno;Ne
1175;2,4;-19,4;7,98;2,92;Negativno;Da
1176;14,4;-71,6;6,6;5,91;Negativno;Ne
1177;5,3;-59,6;7,04;2,04;Negativno;Ne
1178;5,6;-46,4;7,7;3,96;Negativno;Ne
1179;0,4;-26,8;7,69;5,91;Negativno;Ne
1180;0,7;-56,7;7,66;4,69;Negativno;Ne
1181;10,5;-71,7;6,45;5,27;Negativno;Ne
1182;4,9;-79,9;7,05;3,05;Negativno;Ne
1183;11,0;-49,9;7,04;3,74;Negativno;Ne
1184;6,9;-64,3;6,9;0,34;Negativno;Da
1185;10,1;-41,7;6,73;5,61;Negativno;Ne
1186;8,8;-30,4;7,41;1,37;Negativno;Ne
1187;11,5;-38,8;7,02;3,47;Negativno;Ne
1188;11,0;-47,0;7,46;5,11;Pozitivno;Ne
1189;3,1;-68,2;5,51;3,0;Negativno;Ne
1190;10,3;-19,1;6,73;1,2;Negativno;Ne
1191;0,3;-41,3;6,6;4,46;Negativno;Ne
1192;2,5;-74,8;7,8;2,53;Negativno;Ne
1193;10,9;-66,4;7,5;1,62;Negativno;Ne
1194;4,7;-80,1;6,67;5,96;Pozitivno;Ne
1195;11,3;-53,5;6,98;5,39;Negativno;Ne
1196;11,2;-44,0;6,35;2,89;Negativno;Ne
1197;10,6;-35,6;6,53;0,2;Negativno;Ne
1198;7,1;-45,4;6,64;4,56;Negativno;Ne
1199;13,2;-52,8;7,64;5,48;Negativno;Da
1200;12,0;-42,6;7,27;4,59;Negativno;Ne
1201;6,2;-42,3;7,84;4,9;Negativno;Ne
1202;7,4;-59,6;6,89;0,86;Negativno;Ne
1203;8,6;-51,3;6,74;5,19;Pozitivno;Ne
1204;14,7;-39,2;5,69;4,6;Negativno;Ne
1205;7,8;-57,0;6,62;3,29;Negativno;Ne
1206;8,8;-57,3;6,33;3,33;Pozitivno;Ne
1207;3,8;-78,8;6,66;0,15;Negativno;Ne
1208;13,3;-49,0;6,98;5,75;Negativno;Ne
1209;1,0;-63,5;6,56;5,84;Negativno;Ne
1210;1,2;-27,4;7,79;2,66;Negativno;Ne
1211;4,7;-9,0;6,6;10,221316343189716;Pozitivno;Da
1212;4,6;-30,4;6,81;3,38;Negativno;Ne
1213;15,0;-46,4;7,15;5,11;Negativno;Ne
1214;3,0;-38,2;7,26;0,33;Negativno;Ne
1215;7,0;-39,1;7,01;3,91;Negativno;Ne
1216;8,3;-50,0;7,43;5,51;Negativno;Ne
1217;1,0;-35,1;6,36;3,85;Negativno;Ne
1218;11,2;-56,3;6,16;5,81;Negativno;Ne
1219;11,7;-22,1;6,73;2,72;Negativno;Ne
1220;11,4;-80,2;7,64;2,85;Negativno;Ne
1221;1,5;-68,9;6,87;0,77;Negativno;Ne
1222;8,7;-53,0;7,1;1,42;Negativno;Ne
1223;5,8;-17,9;6,71;6,651316343189715;Pozitivno;Da
1224;3,6;-71,1;7,56;0,83;Negativno;Ne
1225;11,3;-40,3;6,72;1,17;Negativno;Ne
1226;9,0;-64,6;7,04;4,92;Negativno;Ne
1227;3,2;-44,1;6,61;0,24;Negativno;Ne
1228;0,5;-58,2;7,27;4,85;Negativno;Ne
1229;12,6;-49,1;7,25;3,79;Pozitivno;Ne
1230;12,2;-61,1;7,53;1,28;Pozitivno;Ne
1231;9,5;-68,9;6,37;1,42;Negativno;Ne
1232;4,3;-7,9;6,86;9,491316343189716;Pozitivno;Da
1233;6,5;-38,0;6,75;0,55;Negativno;Ne
1234;0,9;-26,6;6,59;3,3;Negativno;Ne
1235;11,1;-16,7;7,55;4,891502522772256;Pozitivno;Da
1236;4,4;-41,2;7,47;5,87;Negativno;Ne
1237;4,4;-54,0;7,17;2,89;Negativno;Ne
1238;0,6;-78,3;7,15;4,05;Negativno;Ne
1239;11,4;-62,3;6,37;1,12;Negativno;Ne
1240;5,5;-37,1;6,47;5,01;Negativno;Ne
1241;14,6;-65,6;6,8;5,67;Negativno;Ne
1242;9,4;-46,3;7,01;2,3;Negativno;Ne
1243;11,2;-39,0;7,39;1,6;Negativno;Ne
1244;11,4;-50,0;6,6;5,26;Negativno;Ne
1245;3,8;-35,2;7,29;5,0;Negativno;Ne
1246;11,7;-66,0;7,23;0,14;Negativno;Ne
1247;3,7;-48,9;6,74;2,52;Negativno;Ne
1248;9,3;-62,6;6,75;1,38;Negativno;Ne
1249;3,7;-66,9;5,9;1,79;Negativno;Ne
1250;12,6;-50,9;7,06;1,87;Negativno;Ne
1251;11,1;-62,6;7,46;4,73;Pozitivno;Ne
1252;9,4;-60,3;5,59;5,09;Negativno;Ne
1253;6,8;-55,4;7,2;2,74;Negativno;Ne
1254;11,2;-28,0;7,39;3,17;Negativno;Ne
1255;12,6;-36,2;7,87;2,15;Negativno;Ne
1256;11,4;-52,8;8,28;0,39;Negativno;Ne
1257;10,8;-69,7;6,25;0,98;Negativno;Ne
1258;5,6;-68,6;6,28;5,41;Negativno;Ne
1259;4,7;-60,1;6,22;2,88;Negativno;Ne
1260;5,3;-54,9;7,12;5,03;Negativno;Ne
1261;9,3;-59,6;6,47;1,79;Pozitivno;Ne
1262;11,9;-52,9;7,35;0,44;Negativno;Ne
1263;9,8;-49,6;7,25;2,11;Negativno;Ne
1264;7,1;-21,5;7,29;3,97;Negativno;Ne
1265;5,3;-38,7;7,38;4,31;Negativno;Ne
1266;2,8;-51,1;7,18;3,31;Negativno;Ne
1267;8,5;-41,5;6,91;5,96;Negativno;Ne
1268;14,7;-50,1;6,39;2,36;Negativno;Ne
1269;8,6;-49,1;6,35;3,38;Negativno;Ne
1270;13,9;-39,8;7,3;4,59;Negativno;Ne
1271;9,5;-69,4;7,54;1,43;Negativno;Ne
1272;3,9;-59,3;7,0;4,13;Negativno;Ne
1273;4,4;-57,4;7,99;0,71;Negativno;Ne
1274;12,2;-64,6;7,37;2,03;Negativno;Ne
1275;1,4;-44,1;7,97;3,63;Negativno;Ne
1276;8,1;-42,9;6,42;3,09;Negativno;Ne
1277;7,0;-57,1;6,99;5,04;Negativno;Ne
1278;3,3;-54,2;7,59;3,12;Negativno;Ne
1279;11,9;-66,3;6,14;1,92;Negativno;Ne
1280;12,9;-63,2;7,15;5,02;Pozitivno;Da
1281;0,4;-77,1;7,16;0,26;Negativno;Ne
1282;1,8;-26,8;6,41;3,81;Negativno;Ne
1283;4,7;-31,1;7,57;2,51;Pozitivno;Ne
1284;13,5;-47,6;6,26;0,46;Negativno;Ne
1285;12,3;-50,9;7,01;0,41;Pozitivno;Ne
1286;13,7;-59,9;7,06;1,52;Negativno;Ne
1287;10,2;-49,7;6,61;4,81;Negativno;Ne
1288;6,1;-56,8;6,48;3,42;Negativno;Ne
1289;6,0;-64,6;7,54;1,99;Negativno;Ne
1290;5,4;-25,3;6,47;1,68;Negativno;Ne
1291;11,5;1,7;7,08;4,16;Negativno;Ne
1292;3,2;-31,6;7,14;4,98;Negativno;Ne
1293;9,9;-48,0;8,06;4,71;Negativno;Ne
1294;13,0;-44,3;6,74;0,83;Negativno;Ne
1295;8,9;-35,7;6,89;2,79;Negativno;Ne
1296;5,1;-34,2;7,21;2,09;Negativno;Ne
1297;6,3;-34,7;7,22;5,57;Negativno;Ne
1298;7,7;-42,1;7,22;5,91;Negativno;Ne
1299;11,4;-30,0;6,29;3,89;Negativno;Ne
1300;2,6;-54,6;7,5;4,99;Pozitivno;Ne
1301;5,1;-47,0;7,59;3,89;Negativno;Ne
1302;13,7;-27,0;6,99;2,83;Negativno;Ne
1303;5,8;-45,6;7,67;5,46;Negativno;Ne
1304;8,9;-60,7;6,78;0,34;Negativno;Ne
1305;2,9;-47,7;6,2;2,28;Pozitivno;Ne
1306;11,4;-45,2;7,27;2,81;Negativno;Ne
1307;6,0;-42,0;7,57;5,97;Negativno;Ne
1308;10,0;-69,1;7,58;4,69;Pozitivno;Ne
1309;12,4;-44,1;6,76;3,16;Negativno;Ne
1310;9,5;-51,8;6,61;5,82;Negativno;Ne
1311;0,5;-44,0;7,65;4,13;Negativno;Ne
1312;13,2;-51,3;7,37;4,86;Negativno;Ne
1313;0,9;-47,1;6,0;5,98;Negativno;Ne
1314;11,4;-34,6;6,32;1,58;Negativno;Ne
1315;7,1;-19,7;7,06;7,461316343189715;Pozitivno;Da
1316;9,9;-50,4;7,28;2,8;Negativno;Ne
1317;1,2;-61,5;7,52;2,94;Negativno;Ne
1318;3,1;-49,7;6,47;3,91;Negativno;Ne
1319;13,1;-54,4;7,39;1,21;Negativno;Ne
1320;4,5;-51,0;7,39;5,01;Negativno;Ne
1321;8,6;-56,1;6,99;5,98;Negativno;Ne
1322;8,4;-38,8;6,73;0,75;Negativno;Ne
1323;0,4;-37,1;6,26;4,4;Negativno;Ne
1324;5,4;-35,7;6,97;2,6;Pozitivno;Ne
1325;9,9;-17,0;7,41;1,3;Negativno;Da
1326;14,1;-60,7;6,88;1,67;Negativno;Ne
1327;14,0;-38,5;6,83;5,29;Negativno;Ne
1328;14,3;-48,7;7,96;0,76;Negativno;Ne
1329;7,1;-62,9;6,55;2,2;Negativno;Ne
1330;4,7;-12,5;7,41;5,48;Negativno;Ne
1331;7,6;-38,0;6,28;4,36;Negativno;Ne
1332;3,0;-57,7;5,92;1,3;Negativno;Ne
1333;12,3;-57,1;6,75;3,66;Negativno;Ne
1334;12,5;-54,5;7,17;5,55;Negativno;Ne
1335;9,3;-34,3;6,57;2,43;Negativno;Ne
1336;7,1;-73,5;7,03;3,72;Negativno;Ne
1337;8,4;-63,3;7,47;2,47;Negativno;Ne
1338;14,0;-28,2;7,11;1,68;Negativno;Ne
1339;0,5;-7,1;8,16;6,141502522772256;Pozitivno;Da
1340;12,1;-45,9;6,72;1,44;Negativno;Ne
1341;6,6;-43,9;7,76;5,16;Negativno;Ne
1342;12,5;-73,8;7,68;4,61;Negativno;Ne
1343;2,2;-42,1;6,77;5,53;Negativno;Ne
1344;10,2;-42,8;5,99;4,65;Negativno;Ne
1345;5,4;150,0;-2,0;0,91;Pozitivno;Ne
1346;2,7;-51,3;7,65;2,54;Negativno;Ne
1347;5,4;-29,7;6,17;5,37;Pozitivno;Da
1348;3,1;-40,7;6,33;4,32;Negativno;Ne
1349;7,1;-56,4;6,12;1,82;Negativno;Ne
1350;8,3;-39,5;7,22;0,46;Negativno;Ne
1351;7,3;-64,2;6,93;5,12;Negativno;Ne
1352;3,4;-37,8;7,23;2,67;Negativno;Ne
1353;9,9;-29,3;6,76;1,83;Negativno;Ne
1354;4,4;-69,6;6,74;0,47;Negativno;Ne
1355;0,3;-52,0;7,32;2,97;Negativno;Ne
1356;12,8;-50,8;7,61;5,12;Negativno;Ne
1357;4,7;-51,0;6,7;1,07;Negativno;Ne
1358;2,2;-29,3;7,53;1,02;Negativno;Ne
1359;0,4;-45,0;7,06;5,35;Negativno;Ne
1360;4,1;-51,0;6,16;5,03;Negativno;Ne
1361;14,7;-53,5;6,38;1,86;Negativno;Ne
1362;3,3;-46,7;6,57;1,46;Negativno;Ne
1363;4,0;-49,8;7,2;0,49;Negativno;Ne
1364;1,8;-17,4;7,21;0,44;Negativno;Ne
1365;13,1;-66,0;6,91;1,09;Negativno;Ne
1366;10,3;-65,7;7,17;3,71;Negativno;Ne
1367;11,8;-64,2;7,74;5,42;Negativno;Ne
1368;12,0;-42,1;7,75;4,34;Negativno;Ne
1369;13,1;-63,2;6,49;5,99;Negativno;Ne
1370;5,5;-47,3;6,77;2,96;Negativno;Ne
1371;6,0;-45,7;7,35;0,16;Negativno;Ne
1372;1,2;-35,1;6,81;0,19;Negativno;Ne
1373;0,7;-59,6;7,39;2,57;Negativno;Ne
1374;3,3;-20,3;7,52;1,04;Negativno;Ne
1375;12,9;-40,3;6,49;0,61;Negativno;Ne
1376;1,6;-46,8;7,62;1,65;Negativno;Ne
1377;4,5;-47,0;6,2;3,75;Pozitivno;Ne
1378;7,5;-61,7;7,37;3,35;Negativno;Ne
1379;9,0;-39,9;6,82;4,95;Negativno;Ne
1380;4,7;-75,3;7,09;5,25;Negativno;Ne
1381;0,5;-83,7;7,78;0,49;Negativno;Ne
1382;9,7;150,0;-2,0;4,15;Pozitivno;Ne
1383;2,5;-39,6;6,73;2,28;Negativno;Da
1384;11,6;-39,0;6,88;1,26;Negativno;Ne
1385;0,3;-52,7;6,89;4,35;Pozitivno;Ne
1386;13,9;-50,0;6,55;5,22;Negativno;Ne
1387;0,6;-54,3;6,94;5,76;Negativno;Ne
1388;11,8;-44,4;6,78;4,25;Negativno;Ne
1389;5,7;-7,2;7,63;5,621502522772256;Pozitivno;Da
1390;12,1;-41,9;7,35;5,92;Negativno;Ne
1391;14,2;-33,0;7,26;0,46;Negativno;Ne
1392;0,6;-74,3;6,76;0,77;Negativno;Ne
1393;13,2;-52,4;7,51;1,15;Negativno;Ne
1394;9,3;-75,8;6,77;1,7;Negativno;Ne
1395;11,3;-73,7;6,9;2,6;Negativno;Ne
1396;13,7;-41,8;6,76;1,31;Negativno;Ne
1397;2,0;-62,9;7,44;0,64;Negativno;Ne
1398;2,4;-44,9;6,71;0,16;Negativno;Ne
1399;5,4;-52,3;6,97;3,14;Pozitivno;Ne
1400;0,6;-59,2;6,62;5,81;Negativno;Ne
1401;12,3;-40,1;6,97;5,17;Negativno;Ne
1402;6,3;-77,9;6,18;1,22;Negativno;Ne
1403;2,0;-64,5;6,89;4,89;Negativno;Ne
1404;4,3;-61,5;6,86;2,96;Negativno;Ne
1405;5,2;-69,9;7,23;1,28;Negativno;Ne
1406;4,4;-53,2;7,09;1,49;Pozitivno;Ne
1407;11,1;-58,9;7,9;1,88;Negativno;Ne
1408;13,7;-46,1;7,63;0,21;Negativno;Ne
1409;1,6;-53,4;7,51;4,69;Pozitivno;Ne
1410;7,2;-29,8;7,04;0,83;Negativno;Ne
1411;0,3;-61,7;7,36;1,63;Negativno;Ne
1412;8,6;-40,5;6,93;5,03;Negativno;Ne
1413;4,5;-61,0;6,12;1,73;Negativno;Ne
1414;1,1;-21,6;8,29;3,76;Negativno;Ne
1415;10,1;-46,8;6,58;1,13;Negativno;Ne
1416;13,1;-66,0;7,72;1,29;Negativno;Ne
1417;11,4;-33,9;6,9;0,8;Negativno;Ne
1418;4,1;-10,7;7,73;0,72;Negativno;Ne
1419;9,1;-38,3;6,23;3,88;Negativno;Ne
1420;0,2;-42,9;6,45;0,93;Negativno;Ne
1421;4,6;-28,4;6,75;2,3;Negativno;Ne
1422;9,3;-62,4;6,46;4,7;Negativno;Ne
1423;5,4;-86,9;7,72;3,74;Negativno;Ne
1424;10,8;-18,2;6,74;8,221502522772255;Pozitivno;Da
1425;8,7;-56,1;6,63;4,13;Negativno;Ne
1426;5,1;-60,0;7,11;2,05;Negativno;Ne
1427;2,5;-46,6;6,5;3,91;Negativno;Ne
1428;9,2;-67,1;8,13;0,61;Negativno;Ne
1429;5,3;-44,4;7,53;5,1;Negativno;Ne
1430;8,6;-46,4;7,14;4,03;Negativno;Ne
1431;1,8;-48,9;7,62;1,87;Negativno;Da
1432;7,0;-47,9;6,14;2,76;Negativno;Ne
1433;14,3;-60,9;6,99;0,1;Negativno;Ne
1434;14,2;-20,8;6,27;3,06;Negativno;Ne
1435;13,5;-68,2;6,74;4,9;Negativno;Ne
1436;5,3;-59,2;7,01;4,74;Negativno;Ne
1437;11,6;-51,6;6,52;0,65;Negativno;Ne
1438;11,3;-46,4;7,34;0,34;Negativno;Ne
1439;0,9;-40,2;7,05;3,42;Pozitivno;Ne
1440;5,4;-67,9;5,71;1,54;Negativno;Ne
1441;4,7;-45,1;7,48;5,47;Pozitivno;Ne
1442;5,3;-53,6;7,25;4,42;Negativno;Ne
1443;8,6;-33,1;6,66;3,84;Negativno;Ne
1444;1,4;-68,4;6,7;5,1;Negativno;Ne
1445;4,6;-56,7;7,32;1,42;Negativno;Ne
1446;3,8;-41,1;6,83;5,9;Negativno;Ne
1447;1,7;-64,8;7,13;4,3;Negativno;Ne
1448;11,1;-84,0;6,81;4,73;Negativno;Ne
1449;5,3;-77,3;7,14;1,06;Negativno;Ne
1450;11,3;-67,1;7,18;3,31;Negativno;Ne
1451;4,8;-42,2;7,35;1,45;Negativno;Ne
1452;9,5;-48,5;6,39;4,4;Negativno;Da
1453;9,4;-50,8;6,49;3,89;Negativno;Ne
1454;11,8;-65,4;6,44;2,45;Negativno;Ne
1455;9,5;-57,0;6,51;4,2;Negativno;Ne
1456;12,5;-40,0;6,77;4,85;Negativno;Ne
1457;1,4;-38,5;6,56;1,37;Negativno;Ne
1458;1,5;-41,3;6,84;0,52;Negativno;Ne
1459;4,6;-65,0;7,22;0,57;Negativno;Ne
1460;4,2;-42,9;7,53;0,93;Pozitivno;Ne
1461;10,7;-60,4;7,57;0,4;Negativno;Ne
1462;0,8;-6,7;8,1;6,711316343189715;Pozitivno;Da
1463;10,6;-72,2;5,81;3,26;Negativno;Ne
1464;9,1;-58,7;7,31;0,61;Negativno;Ne
1465;0,5;-62,9;6,19;3,22;Negativno;Ne
1466;4,2;-76,5;6,71;4,12;Negativno;Ne
1467;9,7;-9,6;6,44;8,331502522772256;Pozitivno;Da
1468;2,8;-14,8;6,49;4,2;Negativno;Ne
1469;9,9;-27,5;6,64;1,87;Negativno;Ne
1470;9,7;-56,2;6,81;5,35;Negativno;Ne
1471;8,8;-53,0;6,97;0,71;Pozitivno;Ne
1472;9,7;-45,3;5,93;2,23;Negativno;Ne
1473;13,8;-11,9;6,31;9,831316343189716;Pozitivno;Da
1474;2,0;-37,1;7,0;3,41;Negativno;Ne
1475;6,7;-19,0;7,08;3,02;Pozitivno;Ne
1476;1,7;-53,2;7,05;3,77;Negativno;Ne
1477;13,0;-70,6;6,61;4,68;Negativno;Ne
1478;12,5;-31,2;6,58;5,79;Negativno;Ne
1479;1,2;-59,2;6,34;5,78;Negativno;Ne
1480;3,1;-37,8;6,54;1,78;Pozitivno;Ne
1481;6,0;-81,7;7,03;5,26;Negativno;Ne
1482;6,8;-55,7;7,94;4,15;Negativno;Ne
1483;14,1;-50,1;7,38;3,88;Negativno;Ne
1484;14,7;-40,6;6,45;3,49;Negativno;Ne
1485;14,4;-82,7;6,45;5,63;Negativno;Ne
1486;2,9;150,0;-2,0;2,69;Pozitivno;Da
1487;5,0;-66,0;7,9;1,6;Negativno;Ne
1488;4,0;-37,5;7,13;1,31;Negativno;Ne
1489;12,0;-34,7;7,05;5,86;Negativno;Ne
1490;1,0;-62,4;7,2;5,46;Negativno;Ne
1491;9,7;-47,2;6,86;2,32;Negativno;Ne
1492;6,9;-48,7;6,37;5,69;Negativno;Ne
1493;8,8;-50,7;7,51;5,58;Negativno;Ne
1494;4,8;-57,4;7,87;0,68;Negativno;Ne
1495;3,7;-53,5;6,45;4,34;Negativno;Ne
1496;1,8;-60,1;6,01;2,62;Negativno;Ne
1497;10,0;-48,9;6,22;0,75;Negativno;Ne
1498;14,9;-41,7;7,43;3,52;Negativno;Ne
1499;2,5;-31,1;7,1;3,11;Negativno;Ne
1500;7,0;-49,7;6,89;0,55;Negativno;Ne
1501;12,3;-51,4;7,23;2,12;Pozitivno;Ne
1502;7,4;-62,0;6,77;4,82;Negativno;Ne
1503;6,1;-46,9;6,14;2,32;Negativno;Ne
1504;8,6;-48,6;7,05;6,0;Negativno;Ne
1505;3,5;-54,3;7,02;3,79;Negativno;Da
1506;4,5;-56,9;7,77;4,45;Negativno;Ne
1507;14,9;-49,7;7,3;5,61;Negativno;Ne
1508;3,1;-50,1;7,52;5,72;Negativno;Ne
1509;10,2;-38,8;7,05;0,52;Negativno;Ne
1510;5,4;-23,3;6,25;3,12;Negativno;Ne
1511;3,0;-51,3;7,37;4,15;Negativno;Ne
1512;0,7;-56,2;5,94;5,96;Negativno;Ne
1513;5,5;-55,1;7,5;2,29;Negativno;Ne
1514;6,0;-70,9;6,54;2,39;Negativno;Ne
1515;7,0;-50,9;6,46;5,93;Negativno;Ne
1516;8,8;-8,0;7,14;5,44;Negativno;Ne
1517;5,8;-59,5;7,78;2,6;Negativno;Da
1518;9,2;-40,2;6,97;3,75;Negativno;Ne
1519;11,1;-16,8;7,74;3,63;Negativno;Ne
1520;11,7;-71,0;7,95;6,0;Negativno;Ne
1521;6,8;-20,4;7,49;1,81;Negativno;Ne
1522;15,0;-42,0;7,1;2,06;Negativno;Ne
1523;14,5;-65,8;7,61;2,68;Negativno;Ne
1524;11,8;-27,6;6,33;3,18;Negativno;Ne
1525;7,9;-38,1;7,0;1,9;Negativno;Ne
1526;14,8;-47,0;6,65;1,94;Negativno;Ne
1527;12,7;-51,1;6,53;0,29;Negativno;Ne
1528;9,6;-63,8;6,47;5,39;Negativno;Ne
1529;11,4;-49,2;7,77;4,23;Negativno;Ne
1530;13,7;-49,9;7,24;3,04;Negativno;Ne
1531;7,5;-37,8;6,98;5,1;Negativno;Ne
1532;10,3;-46,6;7,05;2,32;Negativno;Ne
1533;13,7;-7,1;6,34;3,69;Negativno;Ne
1534;10,0;-40,9;6,71;1,35;Negativno;Ne
1535;7,2;-45,9;6,78;5,99;Negativno;Ne
1536;7,0;-37,1;6,5;2,4;Negativno;Ne
1537;3,6;-38,8;6,53;4,99;Negativno;Ne
1538;10,4;-52,5;6,47;2,23;Negativno;Ne
1539;7,8;-53,4;7,33;5,05;Negativno;Ne
1540;10,8;-50,6;7,19;2,98;Negativno;Da
1541;7,6;-61,5;6,39;4,29;Negativno;Ne
1542;13,6;-42,4;7,65;1,93;Negativno;Ne
1543;9,9;-42,0;7,47;3,04;Negativno;Ne
1544;2,3;-47,0;6,49;4,81;Negativno;Ne
1545;13,0;-63,6;6,25;0,22;Negativno;Ne
1546;5,9;-41,7;8,0;0,43;Negativno;Ne
1547;12,2;-63,4;7,66;5,65;Negativno;Ne
1548;10,9;-62,9;6,93;1,99;Negativno;Ne
1549;13,5;-60,2;6,91;0,43;Negativno;Ne
1550;11,4;-37,9;7,54;2,73;Negativno;Ne
1551;10,9;-69,3;6,93;2,09;Negativno;Ne
1552;14,4;-58,0;6,89;5,96;Pozitivno;Ne
1553;9,5;-39,8;5,63;4,21;Negativno;Ne
1554;14,3;-36,6;7,32;0,44;Negativno;Ne
1555;14,2;-59,5;6,52;0,85;Negativno;Da
1556;8,0;-65,3;7,68;3,56;Negativno;Ne
1557;7,0;-30,8;7,35;5,88;Negativno;Ne
1558;4,2;-52,0;6,48;1,2;Negativno;Ne
1559;10,1;-63,4;7,29;5,31;Negativno;Ne
1560;2,6;-65,4;6,89;1,41;Negativno;Da
1561;12,2;-45,8;7,13;2,29;Negativno;Ne
1562;14,0;-25,7;6,77;0,44;Negativno;Ne
1563;0,6;-83,7;6,44;4,22;Negativno;Ne
1564;0,3;-28,5;6,49;4,83;Negativno;Ne
1565;4,0;-36,8;7,81;3,02;Negativno;Ne
1566;6,0;-49,7;6,88;3,31;Negativno;Ne
1567;2,4;-7,8;7,07;7,551502522772256;Pozitivno;Da
1568;0,3;-64,0;7,36;2,71;Negativno;Ne
1569;8,0;-41,6;7,21;1,19;Negativno;Ne
1570;4,8;-66,2;7,19;0,88;Negativno;Ne
1571;8,1;-52,5;6,22;5,79;Negativno;Ne
1572;8,6;-57,6;7,8;5,34;Negativno;Ne
1573;13,4;-6,9;5,34;6,781502522772255;Pozitivno;Da
1574;8,3;-17,2;7,15;6,951316343189715;Pozitivno;Da
1575;4,0;-70,1;6,98;2,36;Negativno;Ne
1576;5,2;-62,8;6,72;5,39;Negativno;Ne
1577;0,3;-58,1;7,54;3,68;Negativno;Ne
1578;1,8;-44,4;6,56;2,03;Negativno;Ne
1579;5,3;-37,6;6,79;1,02;Negativno;Da
1580;6,2;-71,2;7,14;1,23;Negativno;Ne
1581;0,6;-77,6;6,1;5,87;Negativno;Ne
1582;11,7;-67,1;6,81;1,1;Negativno;Ne
1583;12,2;-81,2;5,94;4,11;Negativno;Ne
1584;13,2;-82,1;7,63;2,76;Negativno;Ne
1585;10,8;-38,5;6,93;5,91;Pozitivno;Ne
1586;4,1;-69,8;7,25;2,08;Negativno;Ne
1587;8,1;-79,8;6,25;2,73;Negativno;Ne
1588;4,0;-62,9;6,66;1,23;Negativno;Ne
1589;5,1;-61,3;6,92;3,42;Negativno;Ne
1590;7,0;-25,3;6,43;3,57;Negativno;Ne
1591;12,4;-55,9;7,63;2,97;Negativno;Ne
1592;8,6;-82,3;6,67;1,4;Negativno;Ne
1593;11,2;-45,9;7,06;2,54;Negativno;Ne
1594;9,3;-10,5;6,86;8,901316343189716;Pozitivno;Da
1595;7,2;-44,9;7,4;2,43;Negativno;Ne
1596;5,1;-51,2;6,5;1,54;Negativno;Ne
1597;5,1;-30,5;5,88;2,56;Negativno;Da
1598;4,1;-31,2;5,94;1,47;Negativno;Ne
1599;3,4;-38,0;7,26;2,38;Negativno;Ne
1600;3,0;-33,1;6,52;4,25;Negativno;Ne
1601;11,5;-46,3;7,24;3,97;Negativno;Ne
1602;9,9;-62,5;6,77;2,65;Negativno;Ne
1603;7,0;-42,4;6,98;0,12;Negativno;Ne
1604;13,4;-85,5;6,53;3,73;Negativno;Ne
1605;5,0;-66,3;6,14;1,8;Negativno;Ne
1606;7,1;-44,1;7,52;5,82;Negativno;Ne
1607;1,3;-6,5;7,16;7,921502522772256;Pozitivno;Da
1608;8,9;-34,3;7,38;4,58;Negativno;Da
1609;13,7;-45,7;6,26;1,99;Negativno;Ne
1610;15,0;-48,0;7,38;1,06;Negativno;Ne
1611;7,3;-26,4;7,18;5,66;Negativno;Ne
1612;8,0;-55,4;6,82;4,92;Negativno;Ne
1613;1,2;-22,3;6,47;3,87;Negativno;Ne
1614;5,2;-65,9;7,19;4,84;Negativno;Ne
1615;11,4;-41,8;7,07;4,07;Negativno;Ne
1616;10,7;-52,2;6,39;0,82;Negativno;Ne
1617;7,4;-51,3;7,0;2,33;Negativno;Ne
1618;13,3;-75,2;6,48;1,5;Negativno;Ne
1619;14,7;-24,2;7,17;6,0;Negativno;Ne
1620;6,3;-52,8;6,73;4,73;Negativno;Ne
1621;7,6;-39,3;6,34;4,02;Negativno;Ne
1622;11,3;-41,2;7,11;5,61;Negativno;Ne
1623;9,5;-47,6;6,69;1,81;Negativno;Ne
1624;2,1;-22,0;6,89;0,9;Negativno;Ne
1625;0,2;-36,1;7,69;5,24;Negativno;Ne
1626;12,8;-50,3;7,28;0,7;Negativno;Ne
1627;14,0;-50,2;6,85;1,62;Negativno;Ne
1628;11,7;-63,8;6,89;5,87;Negativno;Ne
1629;11,5;-48,1;7,13;2,54;Negativno;Ne
1630;3,3;-53,9;7,09;0,21;Negativno;Ne
1631;4,1;-48,7;7,84;1,88;Pozitivno;Ne
1632;9,6;-46,7;6,75;0,85;Negativno;Ne
1633;1,9;-31,8;6,9;3,62;Negativno;Ne
1634;9,8;-40,6;6,56;3,14;Negativno;Ne
1635;12,1;-55,9;7,89;1,11;Negativno;Da
1636;6,3;-48,0;7,31;1,51;Negativno;Ne
1637;2,6;-46,8;6,19;0,41;Negativno;Ne
1638;4,8;-53,9;7,15;2,16;Negativno;Ne
1639;11,9;-65,0;6,97;2,91;Negativno;Ne
1640;0,6;-49,6;8,09;4,57;Negativno;Ne
1641;10,2;-36,3;6,79;5,93;Pozitivno;Ne
1642;0,6;-45,4;7,07;5,42;Negativno;Ne
1643;3,7;-78,0;6,55;1,27;Negativno;Ne
1644;10,6;-47,8;6,65;1,13;Negativno;Ne
1645;10,2;-45,4;6,85;4,47;Negativno;Ne
1646;6,8;-31,7;6,69;1,65;Negativno;Ne
1647;2,2;-56,5;7,94;1,64;Negativno;Ne
1648;12,6;-64,2;6,8;1,95;Negativno;Ne
1649;1,0;-32,2;7,11;4,36;Negativno;Ne
1650;10,0;-44,7;6,44;4,21;Negativno;Ne
1651;5,1;-15,0;7,06;4,34;Pozitivno;Ne
1652;6,1;-57,9;6,93;3,69;Negativno;Ne
1653;7,2;-47,4;6,97;1,82;Negativno;Ne
1654;5,7;-52,2;7,05;5,0;Negativno;Da
1655;10,3;-60,4;6,57;4,53;Negativno;Ne
1656;12,0;-57,7;6,26;1,94;Negativno;Ne
1657;6,0;-70,0;7,7;2,57;Negativno;Ne
1658;7,2;-53,2;6,99;4,28;Negativno;Ne
1659;7,8;-56,8;7,02;2,93;Pozitivno;Ne
1660;12,5;-63,3;6,51;1,28;Negativno;Ne
1661;8,9;-48,2;7,12;4,18;Pozitivno;Da
1662;3,7;-61,4;6,25;2,67;Pozitivno;Ne
1663;4,1;-42,4;7,55;1,24;Negativno;Ne
1664;11,6;-47,9;7,38;5,84;Negativno;Ne
1665;7,7;-76,1;6,71;4,54;Negativno;Ne
1666;13,8;-47,1;6,72;5,44;Negativno;Ne
1667;1,4;-40,1;7,81;4,43;Negativno;Ne
1668;10,7;-54,3;6,89;5,29;Negativno;Ne
1669;11,5;-69,6;7,1;1,99;Negativno;Ne
1670;3,3;-61,4;7,77;5,24;Negativno;Ne
1671;10,6;-33,1;6,83;3,76;Negativno;Ne
1672;2,4;-49,5;6,97;3,95;Negativno;Ne
1673;12,4;-56,8;6,48;4,49;Negativno;Ne
1674;0,4;-34,9;6,4;1,36;Negativno;Ne
1675;7,3;-8,9;7,49;6,491316343189715;Pozitivno;Da
1676;3,6;-39,7;6,57;1,9;Negativno;Ne
1677;10,6;-31,5;7,09;2,08;Negativno;Ne
1678;14,0;-28,8;7,15;4,18;Negativno;Ne
1679;2,8;-30,1;6,04;4,85;Pozitivno;Ne
1680;1,0;150,0;-2,0;4,84;Pozitivno;Da
1681;10,0;-47,0;7,4;3,91;Negativno;Ne
1682;8,8;-25,8;7,28;0,74;Negativno;Ne
1683;4,2;-76,0;6,99;0,31;Negativno;Ne
1684;5,6;-49,9;6,61;0,83;Negativno;Ne
1685;8,3;-47,9;7,72;4,65;Negativno;Ne
1686;9,7;-52,0;6,54;5,87;Negativno;Ne
1687;3,9;-51,0;6,21;0,47;Negativno;Ne
1688;13,5;-65,7;7,35;3,05;Negativno;Ne
1689;5,9;-61,3;7,26;1,61;Negativno;Ne
1690;10,2;-52,0;7,55;0,26;Negativno;Ne
1691;10,1;-50,4;7,47;4,69;Negativno;Ne
1692;1,8;-46,9;7,28;4,64;Negativno;Ne
1693;3,7;-45,3;6,9;4,91;Negativno;Ne
1694;3,3;-34,7;5,89;2,68;Negativno;Ne
1695;7,5;150,0;-2,0;3,94;Pozitivno;Ne
1696;5,4;-34,2;7,67;2,86;Negativno;Ne
1697;13,2;-50,5;7,55;4,68;Negativno;Ne
1698;7,1;-74,5;7,71;3,81;Negativno;Ne
1699;5,0;-53,6;7,07;5,41;Negativno;Ne
1700;1,1;-69,6;6,63;3,6;Negativno;Ne
1701;0,2;-65,8;6,46;2,64;Negativno;Ne
1702;12,9;-41,3;6,44;0,17;Negativno;Ne
1703;9,6;-41,0;7,19;5,04;Negativno;Ne
1704;12,8;-40,4;7,85;0,44;Negativno;Ne
1705;9,4;-33,7;6,98;5,0;Negativno;Ne
1706;12,5;-68,5;6,72;4,53;Negativno;Ne
1707;8,8;-34,4;7,44;5,34;Negativno;Ne
1708;3,4;-48,7;6,26;0,76;Negativno;Ne
1709;7,4;-60,7;6,86;2,89;Negativno;Ne
1710;13,9;-72,7;6,47;5,26;Negativno;Ne
1711;7,4;-35,4;7,7;1,2;Negativno;Ne
1712;9,4;-43,7;6,41;1,39;Negativno;Ne
1713;13,0;-38,6;6,99;2,21;Negativno;Ne
1714;7,1;-42,7;6,9;3,89;Negativno;Ne
1715;9,4;-42,9;6,75;0,7;Negativno;Ne
1716;11,7;-81,3;6,74;0,56;Negativno;Ne
1717;7,2;-43,7;6,11;1,4;Pozitivno;Ne
1718;11,6;-49,3;6,4;5,11;Negativno;Ne
1719;13,3;-52,4;7,24;5,02;Negativno;Ne
1720;12,2;-40,4;6,23;5,69;Negativno;Ne
1721;14,2;-47,9;7,81;5,43;Negativno;Ne
1722;1,4;-62,7;6,56;3,02;Negativno;Ne
1723;3,8;-22,6;7,89;4,2;Negativno;Ne
1724;12,9;-71,9;6,18;1,49;Negativno;Ne
1725;0,9;-39,6;7,46;5,27;Negativno;Ne
1726;1,6;-47,8;7,06;4,23;Negativno;Ne
1727;4,1;-63,4;7,11;0,36;Pozitivno;Ne
1728;9,2;-46,3;7,72;0,4;Negativno;Ne
1729;14,4;-16,7;7,27;4,83;Negativno;Ne
1730;5,0;-53,2;7,16;4,13;Negativno;Ne
1731;4,3;-57,0;7,57;4,35;Negativno;Ne
1732;12,9;-70,6;6,54;4,33;Negativno;Ne
1733;14,2;-58,2;6,05;4,85;Negativno;Ne
1734;12,9;-43,8;7,61;2,29;Negativno;Ne
1735;12,5;-61,8;6,38;0,45;Negativno;Ne
1736;8,2;-52,6;7,17;3,21;Negativno;Ne
1737;14,4;-64,8;7,65;5,14;Negativno;Ne
1738;0,2;-56,5;7,25;1,07;Negativno;Ne
1739;0,4;-23,7;6,87;4,92;Pozitivno;Ne
1740;9,6;-52,9;6,64;0,36;Negativno;Ne
1741;11,2;-31,9;6,6;5,89;Negativno;Ne
1742;2,7;-45,8;6,83;3,39;Negativno;Ne
1743;1,1;-58,5;6,29;2,44;Negativno;Ne
1744;13,4;-22,4;7,36;1,95;Pozitivno;Ne
1745;0,7;-20,0;7,5;4,84;Negativno;Ne
1746;13,4;-17,4;7,64;4,951316343189715;Pozitivno;Da
1747;2,8;-34,9;6,58;0,61;Negativno;Ne
1748;14,7;-53,9;7,49;4,52;Negativno;Ne
1749;5,1;-30,9;7,1;0,94;Negativno;Ne
1750;6,2;-44,4;6,93;3,73;Pozitivno;Ne
1751;11,6;-10,6;6,56;5,24;Negativno;Ne
1752;12,5;-55,7;6,91;0,4;Negativno;Ne
1753;10,2;-32,5;6,91;1,08;Negativno;Ne
1754;11,0;-68,7;7,07;1,54;Negativno;Ne
1755;11,1;-18,9;7,69;1,94;Negativno;Ne
1756;5,3;-16,0;6,83;5,13;Negativno;Ne
1757;5,1;-57,7;6,71;3,63;Negativno;Ne
1758;8,8;-35,9;7,51;1,98;Negativno;Da
1759;9,9;-49,7;6,72;4,81;Negativno;Ne
1760;7,2;-66,7;7,48;2,17;Negativno;Ne
1761;10,4;-57,8;7,15;4,06;Negativno;Ne
1762;2,3;-30,7;6,5;4,69;Negativno;Ne
1763;2,2;-65,3;7,42;1,6;Negativno;Ne
1764;11,2;-51,9;7,47;3,12;Negativno;Da
1765;5,9;-29,4;7,24;1,2;Pozitivno;Ne
1766;14,9;-3,2;7,2;4,91;Negativno;Ne
1767;1,1;-34,4;6,98;2,5;Negativno;Ne
1768;1,1;-43,6;6,53;5,14;Negativno;Ne
1769;5,4;-42,6;7,22;2,72;Negativno;Ne
1770;3,7;-37,4;6,51;2,02;Negativno;Ne
1771;1,9;-82,1;7,98;3,88;Negativno;Ne
1772;14,7;-47,0;6,04;2,3;Negativno;Ne
1773;2,8;-66,1;7,3;4,41;Negativno;Ne
1774;2,5;-44,6;7,08;3,43;Negativno;Ne
1775;12,6;-66,6;7,71;2,02;Negativno;Ne
1776;11,9;-62,2;7,85;2,62;Negativno;Ne
1777;8,8;-27,2;6,45;0,73;Negativno;Ne
1778;0,7;-65,0;7,39;0,51;Negativno;Ne
1779;0,2;-56,9;7,64;0,33;Pozitivno;Ne
1780;5,5;-48,0;5,75;3,18;Negativno;Ne
1781;0,6;-48,7;7,69;3,02;Negativno;Ne
1782;0,7;-44,5;6,54;0,14;Negativno;Ne
1783;13,4;-38,7;6,42;1,96;Negativno;Ne
1784;5,5;-32,4;7,17;5,55;Negativno;Ne
1785;10,6;-50,2;6,96;1,83;Negativno;Ne
1786;2,3;-55,7;6,49;4,54;Negativno;Ne
1787;3,5;-45,5;6,06;3,62;Negativno;Ne
1788;6,1;-41,0;7,52;4,88;Negativno;Ne
1789;2,9;-60,9;7,59;3,0;Negativno;Ne
1790;11,2;-90,2;7,41;2,57;Pozitivno;Ne
1791;8,2;-42,8;6,68;5,59;Negativno;Ne
1792;6,0;-49,8;7,51;2,01;Negativno;Da
1793;7,0;-43,4;6,75;3,22;Negativno;Ne
1794;13,4;-48,7;6,29;5,85;Negativno;Ne
1795;4,1;-30,9;6,59;0,23;Negativno;Ne
1796;6,9;-29,1;7,34;0,62;Negativno;Da
1797;9,6;-70,8;6,85;3,52;Negativno;Ne
1798;4,2;-58,5;7,59;1,52;Negativno;Ne
1799;3,9;-51,2;6,89;5,18;Negativno;Ne
1800;5,1;-69,4;6,96;5,73;Negativno;Ne
1801;13,0;-60,7;6,66;0,4;Negativno;Ne
1802;9,9;-61,8;6,99;1,41;Negativno;Ne
1803;14,6;-27,1;6,33;4,13;Negativno;Ne
1804;8,9;-35,9;7,43;2,91;Negativno;Ne
1805;3,7;-53,6;6,66;0,79;Negativno;Ne
1806;12,8;-31,3;6,85;0,17;Negativno;Ne
1807;5,5;-68,6;7,35;1,71;Negativno;Ne
1808;13,9;-48,5;6,45;0,35;Negativno;Ne
1809;1,9;-36,6;6,88;1,27;Negativno;Ne
1810;1,3;-57,2;8,41;5,16;Negativno;Ne
1811;11,4;-51,4;7,58;4,92;Negativno;Ne
1812;14,3;-34,4;7,55;5,3;Negativno;Da
1813;8,0;-63,3;7,08;1,37;Negativno;Ne
1814;1,0;-31,1;7,31;4,07;Negativno;Ne
1815;9,8;-55,1;6,12;1,21;Negativno;Ne
1816;6,5;-65,6;6,95;3,69;Negativno;Ne
1817;10,4;-40,9;6,79;0,22;Negativno;Ne
1818;3,1;-35,9;7,23;3,85;Negativno;Ne
1819;8,9;-59,1;7,19;0,99;Negativno;Ne
1820;2,3;-53,7;7,28;4,44;Negativno;Ne
1821;5,2;-22,9;6,85;1,98;Negativno;Ne
1822;9,6;-50,8;7,53;4,75;Negativno;Ne
1823;11,7;-41,8;6,71;1,96;Negativno;Ne
1824;8,1;-51,9;7,25;0,35;Negativno;Ne
1825;12,4;-84,3;6,91;0,25;Negativno;Ne
1826;6,9;-47,6;6,93;1,12;Pozitivno;Ne
1827;8,3;-30,3;6,87;5,44;Negativno;Ne
1828;5,7;-75,5;8,15;0,64;Negativno;Ne
1829;2,0;-40,6;6,06;5,42;Negativno;Ne
1830;14,3;-23,6;6,43;4,63;Negativno;Ne
1831;2,0;-23,1;6,49;3,54;Negativno;Ne
1832;9,5;-67,7;7,12;1,97;Negativno;Ne
1833;1,1;-47,7;6,84;5,33;Negativno;Da
1834;6,1;-56,1;7,59;1,48;Negativno;Ne
1835;1,6;-52,5;7,81;4,0;Negativno;Ne
1836;6,3;-57,9;7,44;0,85;Negativno;Ne
1837;1,4;-29,5;7,26;3,81;Pozitivno;Ne
1838;9,1;-12,0;-2,0;8,071316343189714;Pozitivno;Da
1839;10,5;-56,8;7,12;5,13;Negativno;Ne
1840;11,2;-29,4;7,22;4,53;Negativno;Ne
1841;6,0;-36,8;7,03;4,38;Negativno;Ne
1842;4,6;-5,9;7,74;5,391502522772256;Pozitivno;Da
1843;10,4;-68,0;6,55;2,09;Negativno;Ne
1844;10,8;-6,9;6,76;2,93;Negativno;Ne
1845;8,0;-58,4;6,46;2,11;Negativno;Ne
1846;6,0;-77,8;6,29;1,58;Negativno;Ne
1847;11,8;-66,1;7,24;2,56;Negativno;Ne
1848;8,1;-6,2;7,04;7,381316343189715;Pozitivno;Da
1849;1,2;-77,7;6,57;2,37;Negativno;Ne
1850;0,3;-70,6;6,45;4,49;Negativno;Ne
1851;4,2;-50,1;6,53;1,32;Negativno;Da
1852;5,2;-59,2;7,17;4,94;Negativno;Ne
1853;14,0;-27,8;7,35;2,69;Negativno;Ne
1854;1,5;-54,0;7,31;2,39;Negativno;Ne
1855;11,4;-32,7;6,22;5,61;Negativno;Ne
1856;4,9;-64,8;6,78;2,36;Negativno;Ne
1857;11,4;-65,9;7,92;1,64;Negativno;Ne
1858;14,2;-50,6;7,32;1,09;Negativno;Ne
1859;11,8;-60,7;6,91;1,87;Negativno;Da
1860;7,1;-87,6;6,99;3,04;Negativno;Ne
1861;5,0;-50,9;7,18;2,81;Negativno;Ne
1862;7,7;-51,7;8,28;0,68;Negativno;Ne
1863;7,8;-69,9;6,45;2,72;Negativno;Ne
1864;5,7;-91,0;6,77;5,62;Negativno;Ne
1865;5,2;-43,9;6,14;2,34;Negativno;Ne
1866;9,6;-27,4;7,07;1,1;Negativno;Ne
1867;12,9;-60,8;6,3;1,28;Negativno;Ne
1868;11,0;-64,6;6,64;5,55;Negativno;Da
1869;9,3;-52,4;6,89;0,76;Negativno;Ne
1870;8,9;-28,6;7,67;5,92;Negativno;Ne
1871;6,4;-41,3;6,86;1,27;Negativno;Ne
1872;6,6;-90,1;7,03;4,49;Negativno;Ne
1873;12,1;-42,2;6,98;1,9;Negativno;Ne
1874;2,1;-61,0;7,14;0,11;Negativno;Ne
1875;5,2;-42,3;7,03;0,25;Negativno;Ne
1876;0,9;-57,0;7,62;4,73;Negativno;Ne
1877;10,7;-33,0;7,42;2,05;Negativno;Ne
1878;8,1;-73,2;7,38;3,79;Negativno;Ne
1879;0,2;-62,2;7,1;5,82;Negativno;Ne
1880;13,7;-45,7;6,52;3,48;Negativno;Ne
1881;1,5;-39,8;6,96;1,18;Negativno;Ne
1882;13,7;-53,3;6,72;1,97;Negativno;Ne
1883;8,7;-35,4;6,23;0,76;Negativno;Ne
1884;8,5;-56,2;7,89;2,35;Negativno;Ne
1885;13,6;-53,8;8,08;1,0;Negativno;Ne
1886;6,0;-35,3;7,05;5,55;Negativno;Ne
1887;12,8;-71,5;7,14;2,21;Negativno;Ne
1888;1,0;-48,5;7,36;1,08;Negativno;Ne
1889;3,1;-52,5;6,16;4,64;Negativno;Ne
1890;9,9;-35,2;7,04;4,41;Negativno;Ne
1891;14,1;-52,7;6,62;5,06;Negativno;Da
1892;14,1;-57,7;6,15;1,53;Negativno;Ne
1893;3,3;-41,3;7,12;0,51;Negativno;Ne
1894;8,4;-65,1;7,84;4,19;Negativno;Ne
1895;8,7;-31,8;6,95;2,95;Negativno;Ne
1896;7,7;-87,1;7,95;5,7;Negativno;Ne
1897;6,9;-45,0;6,59;0,95;Pozitivno;Ne
1898;2,6;-6,9;6,86;9,011316343189716;Pozitivno;Da
1899;6,0;-45,1;7,95;2,51;Negativno;Ne
1900;4,6;-78,2;6,77;4,06;Negativno;Ne
1901;2,5;-59,4;6,33;2,1;Negativno;Da
1902;6,3;-63,4;7,15;4,8;Negativno;Ne
1903;4,3;-23,5;7,06;2,21;Negativno;Ne
1904;9,9;-57,7;6,89;3,87;Negativno;Ne
1905;6,3;-31,3;7,14;4,76;Negativno;Ne
1906;2,2;-38,2;6,45;3,77;Negativno;Ne
1907;2,9;-46,5;6,55;5,43;Negativno;Ne
1908;10,8;-41,3;8,2;2,14;Pozitivno;Ne
1909;3,0;-66,2;7,66;4,65;Negativno;Ne
1910;6,0;-42,5;7,0;3,12;Negativno;Ne
1911;1,4;-52,8;6,19;4,43;Pozitivno;Ne
1912;7,1;-33,8;6,69;4,38;Negativno;Ne
1913;1,7;-61,3;6,58;3,27;Pozitivno;Ne
1914;4,6;-39,2;5,39;1,81;Negativno;Ne
1915;9,3;-45,6;7,06;3,07;Negativno;Ne
1916;7,4;-49,7;7,79;2,07;Negativno;Da
1917;3,1;-61,2;7,23;3,4;Negativno;Ne
1918;7,8;-33,3;7,13;4,04;Negativno;Ne
1919;7,9;-53,7;6,82;0,91;Negativno;Ne
1920;5,3;-39,2;7,51;3,79;Negativno;Ne
1921;9,0;-57,2;6,92;3,03;Negativno;Ne
1922;11,3;-70,0;6,63;2,66;Negativno;Ne
1923;7,7;-58,0;7,63;4,86;Negativno;Ne
1924;3,0;-31,9;7,96;0,98;Negativno;Ne
1925;5,3;-79,5;7,08;2,28;Negativno;Ne
1926;11,4;-39,3;7,21;5,61;Negativno;Ne
1927;2,6;-53,1;7,07;0,79;Negativno;Ne
1928;2,2;-33,8;7,23;4,56;Negativno;Ne
1929;12,5;-65,9;6,71;0,76;Pozitivno;Ne
1930;4,0;-58,1;6,58;5,24;Negativno;Ne
1931;9,4;-34,5;6,18;1,01;Negativno;Ne
1932;7,5;-59,8;6,19;5,68;Negativno;Ne
1933;7,1;-87,8;9,15;1,12;Pozitivno;Ne
1934;9,3;-46,0;6,46;2,05;Negativno;Ne
1935;6,5;-13,2;6,6;2,25;Negativno;Ne
1936;10,1;-54,7;6,1;5,61;Pozitivno;Ne
1937;6,0;-64,4;6,35;1,43;Negativno;Ne
1938;4,9;-69,1;7,34;1,19;Negativno;Ne
1939;10,9;-52,9;6,64;2,76;Negativno;Ne
1940;5,1;-46,9;6,38;4,13;Negativno;Ne
1941;6,6;-49,1;6,42;2,12;Negativno;Ne
1942;11,0;-51,0;6,99;1,23;Negativno;Ne
1943;12,8;-44,3;6,54;5,74;Negativno;Ne
1944;1,8;-48,3;6,57;2,31;Pozitivno;Ne
1945;3,4;-29,5;7,32;3,29;Negativno;Ne
1946;11,0;-55,0;7,3;2,74;Negativno;Ne
1947;9,5;-32,5;7,29;4,39;Negativno;Ne
1948;4,5;-6,9;6,35;6,631316343189715;Pozitivno;Da
1949;4,4;-43,7;7,27;2,73;Negativno;Ne
1950;10,1;-47,4;6,99;2,55;Negativno;Ne
1951;13,3;-35,2;6,4;2,3;Negativno;Ne
1952;3,6;-48,1;6,82;2,39;Negativno;Ne
1953;1,4;-55,9;7,22;3,09;Negativno;Ne
1954;3,5;-69,0;7,84;1,2;Pozitivno;Ne
1955;7,6;-62,7;7,94;2,79;Negativno;Ne
1956;9,0;-53,5;7,11;1,44;Negativno;Ne
1957;3,2;-62,5;6,52;1,06;Negativno;Ne
1958;3,9;-51,1;6,87;2,82;Negativno;Ne
1959;14,6;-27,5;7,35;3,48;Negativno;Ne
1960;12,5;-52,8;6,87;0,54;Negativno;Ne
1961;9,3;-58,4;6,46;5,74;Negativno;Da
1962;2,0;-55,5;7,62;5,73;Pozitivno;Ne
1963;1,7;-42,9;6,17;4,63;Negativno;Ne
1964;12,7;-33,5;7,97;4,16;Negativno;Ne
1965;10,6;-48,6;7,6;5,4;Negativno;Ne
1966;3,8;-54,0;6,38;3,65;Negativno;Ne
1967;7,3;-50,7;7,54;0,52;Negativno;Ne
1968;3,4;-9,8;7,33;5,831502522772256;Pozitivno;Da
1969;8,2;-36,7;7,06;4,29;Pozitivno;Ne
1970;1,8;-57,5;7,12;5,25;Negativno;Ne
1971;5,9;-70,4;7,03;5,14;Pozitivno;Ne
1972;1,2;-53,9;6,37;3,44;Negativno;Ne
1973;4,2;-8,9;7,05;9,431316343189716;Pozitivno;Da
1974;6,2;-69,9;7,14;5,98;Negativno;Da
1975;7,9;-60,1;6,81;4,32;Negativno;Da
1976;13,3;-49,2;6,65;3,34;Negativno;Ne
1977;11,7;-53,5;6,76;4,11;Negativno;Ne
1978;4,6;-49,7;7,62;0,47;Pozitivno;Ne
1979;1,5;-52,7;7,13;5,54;Negativno;Ne
1980;14,2;-31,3;7,05;1,86;Negativno;Ne
1981;11,5;-55,9;7,02;0,48;Negativno;Ne
1982;8,4;-48,4;7,9;1,23;Negativno;Ne
1983;5,8;-54,1;7,09;4,93;Pozitivno;Ne
1984;3,6;-63,6;7,36;2,2;Negativno;Ne
1985;14,1;-59,2;7,26;1,96;Negativno;Ne
1986;10,0;-49,3;7,74;3,7;Pozitivno;Da
1987;8,5;-53,0;6,63;4,24;Negativno;Ne
1988;10,2;-64,0;6,51;0,57;Negativno;Ne
1989;12,0;-48,2;7,02;4,79;Negativno;Ne
1990;4,0;-60,8;6,64;5,68;Negativno;Ne
1991;4,2;-36,7;6,4;3,43;Negativno;Ne
1992;3,4;-49,0;6,51;1,16;Negativno;Ne
1993;13,0;-58,6;6,98;5,57;Pozitivno;Ne
1994;0,7;-56,1;7,12;5,0;Negativno;Ne
1995;2,2;-81,0;6,67;3,22;Negativno;Da
1996;14,4;-47,0;7,78;0,87;Pozitivno;Ne
1997;3,8;-46,0;6,87;5,53;Negativno;Ne
1998;8,7;-27,4;6,24;4,63;Negativno;Ne
1999;8,9;-19,0;6,55;10,211502522772257;Pozitivno;Da
2000;3,1;-35,1;6,6;5,04;Negativno;Ne
